,term,log_prob,type_string
0,"PM(""note->note"")",0.0,note->note
1,"[K,[up,note],count]",-1.3862943611198906,note->note
2,"[C,[B,up,PM(""note->note"")],count]",-2.0794415416798357,note->note
3,"[C,[K,up,note],count]",-2.0794415416798357,note->note
4,"[K,[down,note],count]",-1.3862943611198906,note->note
5,"[C,[B,down,PM(""note->note"")],count]",-2.0794415416798357,note->note
6,"[C,[K,down,note],count]",-2.0794415416798357,note->note
7,"[B,reverse,PM(""note->note"")]",-0.6931471805599453,note->note
8,"[K,reverse,note]",-0.6931471805599453,note->note
9,"[K,[repeat,note],count]",-1.3862943611198906,note->note
10,"[C,[B,repeat,PM(""note->note"")],count]",-2.0794415416798357,note->note
11,"[C,[K,repeat,note],count]",-2.0794415416798357,note->note
12,"[B,[concatenate,note],PM(""note->note"")]",-1.3862943611198906,note->note
13,"[K,[concatenate,note],note]",-1.3862943611198906,note->note
14,"[C,[B,concatenate,PM(""note->note"")],note]",-2.0794415416798357,note->note
15,"[C,[K,concatenate,note],note]",-2.0794415416798357,note->note
16,"[S,[B,concatenate,PM(""note->note"")],PM(""note->note"")]",-2.0794415416798357,note->note
17,"[S,[K,concatenate,note],PM(""note->note"")]",-2.0794415416798357,note->note
18,"[K,[[ranges,note],count],count]",-1.3862943611198906,note->note
19,"[C,[K,[ranges,note],count],count]",-2.772588722239781,note->note
20,"[C,[C,[B,ranges,PM(""note->note"")],count],count]",-3.465735902799726,note->note
21,"[C,[C,[K,ranges,note],count],count]",-3.465735902799726,note->note
22,"PM(""note_count->note"")",0.0,note_count->note
23,"[KK,[up,note],count]",-2.772588722239781,note_count->note
24,"[KC,[K,up,note],count]",-3.4657359027997265,note_count->note
25,"[CK,[B,up,PM(""note->note"")],count]",-3.4657359027997265,note_count->note
26,"[CK,[K,up,note],count]",-3.4657359027997265,note_count->note
27,"[CC,[BB,up,PM(""note_count->note"")],count]",-4.1588830833596715,note_count->note
28,"[CC,[BK,up,PM(""note->note"")],count]",-4.1588830833596715,note_count->note
29,"[CC,[KK,up,note],count]",-4.1588830833596715,note_count->note
30,"[KK,[down,note],count]",-2.772588722239781,note_count->note
31,"[KC,[K,down,note],count]",-3.4657359027997265,note_count->note
32,"[CK,[B,down,PM(""note->note"")],count]",-3.4657359027997265,note_count->note
33,"[CK,[K,down,note],count]",-3.4657359027997265,note_count->note
34,"[CC,[BB,down,PM(""note_count->note"")],count]",-4.1588830833596715,note_count->note
35,"[CC,[BK,down,PM(""note->note"")],count]",-4.1588830833596715,note_count->note
36,"[CC,[KK,down,note],count]",-4.1588830833596715,note_count->note
37,"[BB,reverse,PM(""note_count->note"")]",-1.3862943611198906,note_count->note
38,"[BK,reverse,PM(""note->note"")]",-1.3862943611198906,note_count->note
39,"[KK,reverse,note]",-1.3862943611198906,note_count->note
40,"[KK,[repeat,note],count]",-2.772588722239781,note_count->note
41,"[KC,[K,repeat,note],count]",-3.4657359027997265,note_count->note
42,"[CK,[B,repeat,PM(""note->note"")],count]",-3.4657359027997265,note_count->note
43,"[CK,[K,repeat,note],count]",-3.4657359027997265,note_count->note
44,"[CC,[BB,repeat,PM(""note_count->note"")],count]",-4.1588830833596715,note_count->note
45,"[CC,[BK,repeat,PM(""note->note"")],count]",-4.1588830833596715,note_count->note
46,"[CC,[KK,repeat,note],count]",-4.1588830833596715,note_count->note
47,"[BB,[concatenate,note],PM(""note_count->note"")]",-2.772588722239781,note_count->note
48,"[BK,[concatenate,note],PM(""note->note"")]",-2.772588722239781,note_count->note
49,"[BC,[K,concatenate,note],PM(""note->note"")]",-3.4657359027997265,note_count->note
50,"[BS,[K,concatenate,note],PM(""note_count->note"")]",-3.4657359027997265,note_count->note
51,"[KK,[concatenate,note],note]",-2.772588722239781,note_count->note
52,"[KC,[K,concatenate,note],note]",-3.4657359027997265,note_count->note
53,"[CK,[B,concatenate,PM(""note->note"")],note]",-3.4657359027997265,note_count->note
54,"[CK,[K,concatenate,note],note]",-3.4657359027997265,note_count->note
55,"[CC,[BB,concatenate,PM(""note_count->note"")],note]",-4.1588830833596715,note_count->note
56,"[CC,[BK,concatenate,PM(""note->note"")],note]",-4.1588830833596715,note_count->note
57,"[CC,[KK,concatenate,note],note]",-4.1588830833596715,note_count->note
58,"[SB,[B,concatenate,PM(""note->note"")],PM(""note_count->note"")]",-3.4657359027997265,note_count->note
59,"[SB,[K,concatenate,note],PM(""note_count->note"")]",-3.4657359027997265,note_count->note
60,"[SK,[B,concatenate,PM(""note->note"")],PM(""note->note"")]",-3.4657359027997265,note_count->note
61,"[SK,[K,concatenate,note],PM(""note->note"")]",-3.4657359027997265,note_count->note
62,"[SC,[BB,concatenate,PM(""note_count->note"")],PM(""note->note"")]",-4.1588830833596715,note_count->note
63,"[SC,[BK,concatenate,PM(""note->note"")],PM(""note->note"")]",-4.1588830833596715,note_count->note
64,"[SC,[KK,concatenate,note],PM(""note->note"")]",-4.1588830833596715,note_count->note
65,"[SS,[BB,concatenate,PM(""note_count->note"")],PM(""note_count->note"")]",-4.1588830833596715,note_count->note
66,"[SS,[BK,concatenate,PM(""note->note"")],PM(""note_count->note"")]",-4.1588830833596715,note_count->note
67,"[SS,[KK,concatenate,note],PM(""note_count->note"")]",-4.1588830833596715,note_count->note
68,"[KK,[[ranges,note],count],count]",-2.772588722239781,note_count->note
69,"[KC,[K,[ranges,note],count],count]",-4.1588830833596715,note_count->note
70,"[KC,[C,[K,ranges,note],count],count]",-4.852030263919617,note_count->note
71,"[CK,[K,[ranges,note],count],count]",-4.1588830833596715,note_count->note
72,"[CK,[C,[B,ranges,PM(""note->note"")],count],count]",-4.852030263919617,note_count->note
73,"[CK,[C,[K,ranges,note],count],count]",-4.852030263919617,note_count->note
74,"[CC,[KK,[ranges,note],count],count]",-5.545177444479562,note_count->note
75,"[CC,[KC,[K,ranges,note],count],count]",-6.238324625039508,note_count->note
76,"[CC,[CK,[B,ranges,PM(""note->note"")],count],count]",-6.238324625039508,note_count->note
77,"[CC,[CK,[K,ranges,note],count],count]",-6.238324625039508,note_count->note
78,"[CC,[CC,[BB,ranges,PM(""note_count->note"")],count],count]",-6.931471805599452,note_count->note
79,"[CC,[CC,[BK,ranges,PM(""note->note"")],count],count]",-6.931471805599452,note_count->note
80,"[CC,[CC,[KK,ranges,note],count],count]",-6.931471805599452,note_count->note
81,"PM(""note_note->note"")",0.0,note_note->note
82,"[KK,[up,note],count]",-2.772588722239781,note_note->note
83,"[KC,[B,up,PM(""note->note"")],count]",-3.4657359027997265,note_note->note
84,"[KC,[K,up,note],count]",-3.4657359027997265,note_note->note
85,"[CK,[B,up,PM(""note->note"")],count]",-3.4657359027997265,note_note->note
86,"[CK,[K,up,note],count]",-3.4657359027997265,note_note->note
87,"[CC,[BB,up,PM(""note_note->note"")],count]",-4.1588830833596715,note_note->note
88,"[CC,[BK,up,PM(""note->note"")],count]",-4.1588830833596715,note_note->note
89,"[CC,[KB,up,PM(""note->note"")],count]",-4.1588830833596715,note_note->note
90,"[CC,[KK,up,note],count]",-4.1588830833596715,note_note->note
91,"[KK,[down,note],count]",-2.772588722239781,note_note->note
92,"[KC,[B,down,PM(""note->note"")],count]",-3.4657359027997265,note_note->note
93,"[KC,[K,down,note],count]",-3.4657359027997265,note_note->note
94,"[CK,[B,down,PM(""note->note"")],count]",-3.4657359027997265,note_note->note
95,"[CK,[K,down,note],count]",-3.4657359027997265,note_note->note
96,"[CC,[BB,down,PM(""note_note->note"")],count]",-4.1588830833596715,note_note->note
97,"[CC,[BK,down,PM(""note->note"")],count]",-4.1588830833596715,note_note->note
98,"[CC,[KB,down,PM(""note->note"")],count]",-4.1588830833596715,note_note->note
99,"[CC,[KK,down,note],count]",-4.1588830833596715,note_note->note
100,"[BB,reverse,PM(""note_note->note"")]",-1.3862943611198906,note_note->note
101,"[BK,reverse,PM(""note->note"")]",-1.3862943611198906,note_note->note
102,"[KB,reverse,PM(""note->note"")]",-1.3862943611198906,note_note->note
103,"[KK,reverse,note]",-1.3862943611198906,note_note->note
104,"[KK,[repeat,note],count]",-2.772588722239781,note_note->note
105,"[KC,[B,repeat,PM(""note->note"")],count]",-3.4657359027997265,note_note->note
106,"[KC,[K,repeat,note],count]",-3.4657359027997265,note_note->note
107,"[CK,[B,repeat,PM(""note->note"")],count]",-3.4657359027997265,note_note->note
108,"[CK,[K,repeat,note],count]",-3.4657359027997265,note_note->note
109,"[CC,[BB,repeat,PM(""note_note->note"")],count]",-4.1588830833596715,note_note->note
110,"[CC,[BK,repeat,PM(""note->note"")],count]",-4.1588830833596715,note_note->note
111,"[CC,[KB,repeat,PM(""note->note"")],count]",-4.1588830833596715,note_note->note
112,"[CC,[KK,repeat,note],count]",-4.1588830833596715,note_note->note
113,"[BB,[concatenate,note],PM(""note_note->note"")]",-2.772588722239781,note_note->note
114,"[BK,[concatenate,note],PM(""note->note"")]",-2.772588722239781,note_note->note
115,"[BC,[B,concatenate,PM(""note->note"")],PM(""note->note"")]",-3.4657359027997265,note_note->note
116,"[BC,[K,concatenate,note],PM(""note->note"")]",-3.4657359027997265,note_note->note
117,"[BS,[B,concatenate,PM(""note->note"")],PM(""note_note->note"")]",-3.4657359027997265,note_note->note
118,"[BS,[K,concatenate,note],PM(""note_note->note"")]",-3.4657359027997265,note_note->note
119,"[KB,[concatenate,note],PM(""note->note"")]",-2.772588722239781,note_note->note
120,"[KK,[concatenate,note],note]",-2.772588722239781,note_note->note
121,"[KC,[B,concatenate,PM(""note->note"")],note]",-3.4657359027997265,note_note->note
122,"[KC,[K,concatenate,note],note]",-3.4657359027997265,note_note->note
123,"[KS,[B,concatenate,PM(""note->note"")],PM(""note->note"")]",-3.4657359027997265,note_note->note
124,"[KS,[K,concatenate,note],PM(""note->note"")]",-3.4657359027997265,note_note->note
125,"[CB,[B,concatenate,PM(""note->note"")],PM(""note->note"")]",-3.4657359027997265,note_note->note
126,"[CB,[K,concatenate,note],PM(""note->note"")]",-3.4657359027997265,note_note->note
127,"[CK,[B,concatenate,PM(""note->note"")],note]",-3.4657359027997265,note_note->note
128,"[CK,[K,concatenate,note],note]",-3.4657359027997265,note_note->note
129,"[CC,[BB,concatenate,PM(""note_note->note"")],note]",-4.1588830833596715,note_note->note
130,"[CC,[BK,concatenate,PM(""note->note"")],note]",-4.1588830833596715,note_note->note
131,"[CC,[KB,concatenate,PM(""note->note"")],note]",-4.1588830833596715,note_note->note
132,"[CC,[KK,concatenate,note],note]",-4.1588830833596715,note_note->note
133,"[CS,[BB,concatenate,PM(""note_note->note"")],PM(""note->note"")]",-4.1588830833596715,note_note->note
134,"[CS,[BK,concatenate,PM(""note->note"")],PM(""note->note"")]",-4.1588830833596715,note_note->note
135,"[CS,[KB,concatenate,PM(""note->note"")],PM(""note->note"")]",-4.1588830833596715,note_note->note
136,"[CS,[KK,concatenate,note],PM(""note->note"")]",-4.1588830833596715,note_note->note
137,"[SB,[B,concatenate,PM(""note->note"")],PM(""note_note->note"")]",-3.4657359027997265,note_note->note
138,"[SB,[K,concatenate,note],PM(""note_note->note"")]",-3.4657359027997265,note_note->note
139,"[SK,[B,concatenate,PM(""note->note"")],PM(""note->note"")]",-3.4657359027997265,note_note->note
140,"[SK,[K,concatenate,note],PM(""note->note"")]",-3.4657359027997265,note_note->note
141,"[SC,[BB,concatenate,PM(""note_note->note"")],PM(""note->note"")]",-4.1588830833596715,note_note->note
142,"[SC,[BK,concatenate,PM(""note->note"")],PM(""note->note"")]",-4.1588830833596715,note_note->note
143,"[SC,[KB,concatenate,PM(""note->note"")],PM(""note->note"")]",-4.1588830833596715,note_note->note
144,"[SC,[KK,concatenate,note],PM(""note->note"")]",-4.1588830833596715,note_note->note
145,"[SS,[BB,concatenate,PM(""note_note->note"")],PM(""note_note->note"")]",-4.1588830833596715,note_note->note
146,"[SS,[BK,concatenate,PM(""note->note"")],PM(""note_note->note"")]",-4.1588830833596715,note_note->note
147,"[SS,[KB,concatenate,PM(""note->note"")],PM(""note_note->note"")]",-4.1588830833596715,note_note->note
148,"[SS,[KK,concatenate,note],PM(""note_note->note"")]",-4.1588830833596715,note_note->note
149,"[KK,[[ranges,note],count],count]",-2.772588722239781,note_note->note
150,"[KC,[K,[ranges,note],count],count]",-4.1588830833596715,note_note->note
151,"[KC,[C,[B,ranges,PM(""note->note"")],count],count]",-4.852030263919617,note_note->note
152,"[KC,[C,[K,ranges,note],count],count]",-4.852030263919617,note_note->note
153,"[CK,[K,[ranges,note],count],count]",-4.1588830833596715,note_note->note
154,"[CK,[C,[B,ranges,PM(""note->note"")],count],count]",-4.852030263919617,note_note->note
155,"[CK,[C,[K,ranges,note],count],count]",-4.852030263919617,note_note->note
156,"[CC,[KK,[ranges,note],count],count]",-5.545177444479562,note_note->note
157,"[CC,[KC,[B,ranges,PM(""note->note"")],count],count]",-6.238324625039508,note_note->note
158,"[CC,[KC,[K,ranges,note],count],count]",-6.238324625039508,note_note->note
159,"[CC,[CK,[B,ranges,PM(""note->note"")],count],count]",-6.238324625039508,note_note->note
160,"[CC,[CK,[K,ranges,note],count],count]",-6.238324625039508,note_note->note
161,"[CC,[CC,[BB,ranges,PM(""note_note->note"")],count],count]",-6.931471805599452,note_note->note
162,"[CC,[CC,[BK,ranges,PM(""note->note"")],count],count]",-6.931471805599452,note_note->note
163,"[CC,[CC,[KB,ranges,PM(""note->note"")],count],count]",-6.931471805599452,note_note->note
164,"[CC,[CC,[KK,ranges,note],count],count]",-6.931471805599452,note_note->note
165,"[KKK,[up,note],count]",-4.1588830833596715,note_note_note->note
166,"[KKC,[B,up,PM(""note->note"")],count]",-4.852030263919617,note_note_note->note
167,"[KKC,[K,up,note],count]",-4.852030263919617,note_note_note->note
168,"[KCK,[B,up,PM(""note->note"")],count]",-4.852030263919617,note_note_note->note
169,"[KCK,[K,up,note],count]",-4.852030263919617,note_note_note->note
170,"[KCC,[BB,up,PM(""note_note->note"")],count]",-5.545177444479562,note_note_note->note
171,"[KCC,[BK,up,PM(""note->note"")],count]",-5.545177444479562,note_note_note->note
172,"[KCC,[KB,up,PM(""note->note"")],count]",-5.545177444479562,note_note_note->note
173,"[KCC,[KK,up,note],count]",-5.545177444479562,note_note_note->note
174,"[CKK,[B,up,PM(""note->note"")],count]",-4.852030263919617,note_note_note->note
175,"[CKK,[K,up,note],count]",-4.852030263919617,note_note_note->note
176,"[CKC,[BB,up,PM(""note_note->note"")],count]",-5.545177444479562,note_note_note->note
177,"[CKC,[BK,up,PM(""note->note"")],count]",-5.545177444479562,note_note_note->note
178,"[CKC,[KB,up,PM(""note->note"")],count]",-5.545177444479562,note_note_note->note
179,"[CKC,[KK,up,note],count]",-5.545177444479562,note_note_note->note
180,"[CCK,[BB,up,PM(""note_note->note"")],count]",-5.545177444479562,note_note_note->note
181,"[CCK,[BK,up,PM(""note->note"")],count]",-5.545177444479562,note_note_note->note
182,"[CCK,[KB,up,PM(""note->note"")],count]",-5.545177444479562,note_note_note->note
183,"[CCK,[KK,up,note],count]",-5.545177444479562,note_note_note->note
184,"[CCC,[BBK,up,PM(""note_note->note"")],count]",-6.238324625039507,note_note_note->note
185,"[CCC,[BKB,up,PM(""note_note->note"")],count]",-6.238324625039507,note_note_note->note
186,"[CCC,[BKK,up,PM(""note->note"")],count]",-6.238324625039507,note_note_note->note
187,"[CCC,[KBB,up,PM(""note_note->note"")],count]",-6.238324625039507,note_note_note->note
188,"[CCC,[KBK,up,PM(""note->note"")],count]",-6.238324625039507,note_note_note->note
189,"[CCC,[KKB,up,PM(""note->note"")],count]",-6.238324625039507,note_note_note->note
190,"[CCC,[KKK,up,note],count]",-6.238324625039507,note_note_note->note
191,"[KKK,[down,note],count]",-4.1588830833596715,note_note_note->note
192,"[KKC,[B,down,PM(""note->note"")],count]",-4.852030263919617,note_note_note->note
193,"[KKC,[K,down,note],count]",-4.852030263919617,note_note_note->note
194,"[KCK,[B,down,PM(""note->note"")],count]",-4.852030263919617,note_note_note->note
195,"[KCK,[K,down,note],count]",-4.852030263919617,note_note_note->note
196,"[KCC,[BB,down,PM(""note_note->note"")],count]",-5.545177444479562,note_note_note->note
197,"[KCC,[BK,down,PM(""note->note"")],count]",-5.545177444479562,note_note_note->note
198,"[KCC,[KB,down,PM(""note->note"")],count]",-5.545177444479562,note_note_note->note
199,"[KCC,[KK,down,note],count]",-5.545177444479562,note_note_note->note
200,"[CKK,[B,down,PM(""note->note"")],count]",-4.852030263919617,note_note_note->note
201,"[CKK,[K,down,note],count]",-4.852030263919617,note_note_note->note
202,"[CKC,[BB,down,PM(""note_note->note"")],count]",-5.545177444479562,note_note_note->note
203,"[CKC,[BK,down,PM(""note->note"")],count]",-5.545177444479562,note_note_note->note
204,"[CKC,[KB,down,PM(""note->note"")],count]",-5.545177444479562,note_note_note->note
205,"[CKC,[KK,down,note],count]",-5.545177444479562,note_note_note->note
206,"[CCK,[BB,down,PM(""note_note->note"")],count]",-5.545177444479562,note_note_note->note
207,"[CCK,[BK,down,PM(""note->note"")],count]",-5.545177444479562,note_note_note->note
208,"[CCK,[KB,down,PM(""note->note"")],count]",-5.545177444479562,note_note_note->note
209,"[CCK,[KK,down,note],count]",-5.545177444479562,note_note_note->note
210,"[CCC,[BBK,down,PM(""note_note->note"")],count]",-6.238324625039507,note_note_note->note
211,"[CCC,[BKB,down,PM(""note_note->note"")],count]",-6.238324625039507,note_note_note->note
212,"[CCC,[BKK,down,PM(""note->note"")],count]",-6.238324625039507,note_note_note->note
213,"[CCC,[KBB,down,PM(""note_note->note"")],count]",-6.238324625039507,note_note_note->note
214,"[CCC,[KBK,down,PM(""note->note"")],count]",-6.238324625039507,note_note_note->note
215,"[CCC,[KKB,down,PM(""note->note"")],count]",-6.238324625039507,note_note_note->note
216,"[CCC,[KKK,down,note],count]",-6.238324625039507,note_note_note->note
217,"[BBK,reverse,PM(""note_note->note"")]",-2.0794415416798357,note_note_note->note
218,"[BKB,reverse,PM(""note_note->note"")]",-2.0794415416798357,note_note_note->note
219,"[BKK,reverse,PM(""note->note"")]",-2.0794415416798357,note_note_note->note
220,"[KBB,reverse,PM(""note_note->note"")]",-2.0794415416798357,note_note_note->note
221,"[KBK,reverse,PM(""note->note"")]",-2.0794415416798357,note_note_note->note
222,"[KKB,reverse,PM(""note->note"")]",-2.0794415416798357,note_note_note->note
223,"[KKK,reverse,note]",-2.0794415416798357,note_note_note->note
224,"[KKK,[repeat,note],count]",-4.1588830833596715,note_note_note->note
225,"[KKC,[B,repeat,PM(""note->note"")],count]",-4.852030263919617,note_note_note->note
226,"[KKC,[K,repeat,note],count]",-4.852030263919617,note_note_note->note
227,"[KCK,[B,repeat,PM(""note->note"")],count]",-4.852030263919617,note_note_note->note
228,"[KCK,[K,repeat,note],count]",-4.852030263919617,note_note_note->note
229,"[KCC,[BB,repeat,PM(""note_note->note"")],count]",-5.545177444479562,note_note_note->note
230,"[KCC,[BK,repeat,PM(""note->note"")],count]",-5.545177444479562,note_note_note->note
231,"[KCC,[KB,repeat,PM(""note->note"")],count]",-5.545177444479562,note_note_note->note
232,"[KCC,[KK,repeat,note],count]",-5.545177444479562,note_note_note->note
233,"[CKK,[B,repeat,PM(""note->note"")],count]",-4.852030263919617,note_note_note->note
234,"[CKK,[K,repeat,note],count]",-4.852030263919617,note_note_note->note
235,"[CKC,[BB,repeat,PM(""note_note->note"")],count]",-5.545177444479562,note_note_note->note
236,"[CKC,[BK,repeat,PM(""note->note"")],count]",-5.545177444479562,note_note_note->note
237,"[CKC,[KB,repeat,PM(""note->note"")],count]",-5.545177444479562,note_note_note->note
238,"[CKC,[KK,repeat,note],count]",-5.545177444479562,note_note_note->note
239,"[CCK,[BB,repeat,PM(""note_note->note"")],count]",-5.545177444479562,note_note_note->note
240,"[CCK,[BK,repeat,PM(""note->note"")],count]",-5.545177444479562,note_note_note->note
241,"[CCK,[KB,repeat,PM(""note->note"")],count]",-5.545177444479562,note_note_note->note
242,"[CCK,[KK,repeat,note],count]",-5.545177444479562,note_note_note->note
243,"[CCC,[BBK,repeat,PM(""note_note->note"")],count]",-6.238324625039507,note_note_note->note
244,"[CCC,[BKB,repeat,PM(""note_note->note"")],count]",-6.238324625039507,note_note_note->note
245,"[CCC,[BKK,repeat,PM(""note->note"")],count]",-6.238324625039507,note_note_note->note
246,"[CCC,[KBB,repeat,PM(""note_note->note"")],count]",-6.238324625039507,note_note_note->note
247,"[CCC,[KBK,repeat,PM(""note->note"")],count]",-6.238324625039507,note_note_note->note
248,"[CCC,[KKB,repeat,PM(""note->note"")],count]",-6.238324625039507,note_note_note->note
249,"[CCC,[KKK,repeat,note],count]",-6.238324625039507,note_note_note->note
250,"[BBK,[concatenate,note],PM(""note_note->note"")]",-4.1588830833596715,note_note_note->note
251,"[BBC,[B,concatenate,PM(""note->note"")],PM(""note_note->note"")]",-4.852030263919617,note_note_note->note
252,"[BBC,[K,concatenate,note],PM(""note_note->note"")]",-4.852030263919617,note_note_note->note
253,"[BKB,[concatenate,note],PM(""note_note->note"")]",-4.1588830833596715,note_note_note->note
254,"[BKK,[concatenate,note],PM(""note->note"")]",-4.1588830833596715,note_note_note->note
255,"[BKC,[B,concatenate,PM(""note->note"")],PM(""note->note"")]",-4.852030263919617,note_note_note->note
256,"[BKC,[K,concatenate,note],PM(""note->note"")]",-4.852030263919617,note_note_note->note
257,"[BKS,[B,concatenate,PM(""note->note"")],PM(""note_note->note"")]",-4.852030263919617,note_note_note->note
258,"[BKS,[K,concatenate,note],PM(""note_note->note"")]",-4.852030263919617,note_note_note->note
259,"[BCB,[B,concatenate,PM(""note->note"")],PM(""note_note->note"")]",-4.852030263919617,note_note_note->note
260,"[BCB,[K,concatenate,note],PM(""note_note->note"")]",-4.852030263919617,note_note_note->note
261,"[BCK,[B,concatenate,PM(""note->note"")],PM(""note->note"")]",-4.852030263919617,note_note_note->note
262,"[BCK,[K,concatenate,note],PM(""note->note"")]",-4.852030263919617,note_note_note->note
263,"[BCC,[BB,concatenate,PM(""note_note->note"")],PM(""note->note"")]",-5.545177444479562,note_note_note->note
264,"[BCC,[BK,concatenate,PM(""note->note"")],PM(""note->note"")]",-5.545177444479562,note_note_note->note
265,"[BCC,[KB,concatenate,PM(""note->note"")],PM(""note->note"")]",-5.545177444479562,note_note_note->note
266,"[BCC,[KK,concatenate,note],PM(""note->note"")]",-5.545177444479562,note_note_note->note
267,"[BCS,[BB,concatenate,PM(""note_note->note"")],PM(""note_note->note"")]",-5.545177444479562,note_note_note->note
268,"[BCS,[BK,concatenate,PM(""note->note"")],PM(""note_note->note"")]",-5.545177444479562,note_note_note->note
269,"[BCS,[KB,concatenate,PM(""note->note"")],PM(""note_note->note"")]",-5.545177444479562,note_note_note->note
270,"[BCS,[KK,concatenate,note],PM(""note_note->note"")]",-5.545177444479562,note_note_note->note
271,"[BSK,[B,concatenate,PM(""note->note"")],PM(""note_note->note"")]",-4.852030263919617,note_note_note->note
272,"[BSK,[K,concatenate,note],PM(""note_note->note"")]",-4.852030263919617,note_note_note->note
273,"[BSC,[BB,concatenate,PM(""note_note->note"")],PM(""note_note->note"")]",-5.545177444479562,note_note_note->note
274,"[BSC,[BK,concatenate,PM(""note->note"")],PM(""note_note->note"")]",-5.545177444479562,note_note_note->note
275,"[BSC,[KB,concatenate,PM(""note->note"")],PM(""note_note->note"")]",-5.545177444479562,note_note_note->note
276,"[BSC,[KK,concatenate,note],PM(""note_note->note"")]",-5.545177444479562,note_note_note->note
277,"[KBB,[concatenate,note],PM(""note_note->note"")]",-4.1588830833596715,note_note_note->note
278,"[KBK,[concatenate,note],PM(""note->note"")]",-4.1588830833596715,note_note_note->note
279,"[KBC,[B,concatenate,PM(""note->note"")],PM(""note->note"")]",-4.852030263919617,note_note_note->note
280,"[KBC,[K,concatenate,note],PM(""note->note"")]",-4.852030263919617,note_note_note->note
281,"[KBS,[B,concatenate,PM(""note->note"")],PM(""note_note->note"")]",-4.852030263919617,note_note_note->note
282,"[KBS,[K,concatenate,note],PM(""note_note->note"")]",-4.852030263919617,note_note_note->note
283,"[KKB,[concatenate,note],PM(""note->note"")]",-4.1588830833596715,note_note_note->note
284,"[KKK,[concatenate,note],note]",-4.1588830833596715,note_note_note->note
285,"[KKC,[B,concatenate,PM(""note->note"")],note]",-4.852030263919617,note_note_note->note
286,"[KKC,[K,concatenate,note],note]",-4.852030263919617,note_note_note->note
287,"[KKS,[B,concatenate,PM(""note->note"")],PM(""note->note"")]",-4.852030263919617,note_note_note->note
288,"[KKS,[K,concatenate,note],PM(""note->note"")]",-4.852030263919617,note_note_note->note
289,"[KCB,[B,concatenate,PM(""note->note"")],PM(""note->note"")]",-4.852030263919617,note_note_note->note
290,"[KCB,[K,concatenate,note],PM(""note->note"")]",-4.852030263919617,note_note_note->note
291,"[KCK,[B,concatenate,PM(""note->note"")],note]",-4.852030263919617,note_note_note->note
292,"[KCK,[K,concatenate,note],note]",-4.852030263919617,note_note_note->note
293,"[KCC,[BB,concatenate,PM(""note_note->note"")],note]",-5.545177444479562,note_note_note->note
294,"[KCC,[BK,concatenate,PM(""note->note"")],note]",-5.545177444479562,note_note_note->note
295,"[KCC,[KB,concatenate,PM(""note->note"")],note]",-5.545177444479562,note_note_note->note
296,"[KCC,[KK,concatenate,note],note]",-5.545177444479562,note_note_note->note
297,"[KCS,[BB,concatenate,PM(""note_note->note"")],PM(""note->note"")]",-5.545177444479562,note_note_note->note
298,"[KCS,[BK,concatenate,PM(""note->note"")],PM(""note->note"")]",-5.545177444479562,note_note_note->note
299,"[KCS,[KB,concatenate,PM(""note->note"")],PM(""note->note"")]",-5.545177444479562,note_note_note->note
300,"[KCS,[KK,concatenate,note],PM(""note->note"")]",-5.545177444479562,note_note_note->note
301,"[KSB,[B,concatenate,PM(""note->note"")],PM(""note_note->note"")]",-4.852030263919617,note_note_note->note
302,"[KSB,[K,concatenate,note],PM(""note_note->note"")]",-4.852030263919617,note_note_note->note
303,"[KSK,[B,concatenate,PM(""note->note"")],PM(""note->note"")]",-4.852030263919617,note_note_note->note
304,"[KSK,[K,concatenate,note],PM(""note->note"")]",-4.852030263919617,note_note_note->note
305,"[KSC,[BB,concatenate,PM(""note_note->note"")],PM(""note->note"")]",-5.545177444479562,note_note_note->note
306,"[KSC,[BK,concatenate,PM(""note->note"")],PM(""note->note"")]",-5.545177444479562,note_note_note->note
307,"[KSC,[KB,concatenate,PM(""note->note"")],PM(""note->note"")]",-5.545177444479562,note_note_note->note
308,"[KSC,[KK,concatenate,note],PM(""note->note"")]",-5.545177444479562,note_note_note->note
309,"[KSS,[BB,concatenate,PM(""note_note->note"")],PM(""note_note->note"")]",-5.545177444479562,note_note_note->note
310,"[KSS,[BK,concatenate,PM(""note->note"")],PM(""note_note->note"")]",-5.545177444479562,note_note_note->note
311,"[KSS,[KB,concatenate,PM(""note->note"")],PM(""note_note->note"")]",-5.545177444479562,note_note_note->note
312,"[KSS,[KK,concatenate,note],PM(""note_note->note"")]",-5.545177444479562,note_note_note->note
313,"[CBB,[B,concatenate,PM(""note->note"")],PM(""note_note->note"")]",-4.852030263919617,note_note_note->note
314,"[CBB,[K,concatenate,note],PM(""note_note->note"")]",-4.852030263919617,note_note_note->note
315,"[CBK,[B,concatenate,PM(""note->note"")],PM(""note->note"")]",-4.852030263919617,note_note_note->note
316,"[CBK,[K,concatenate,note],PM(""note->note"")]",-4.852030263919617,note_note_note->note
317,"[CBC,[BB,concatenate,PM(""note_note->note"")],PM(""note->note"")]",-5.545177444479562,note_note_note->note
318,"[CBC,[BK,concatenate,PM(""note->note"")],PM(""note->note"")]",-5.545177444479562,note_note_note->note
319,"[CBC,[KB,concatenate,PM(""note->note"")],PM(""note->note"")]",-5.545177444479562,note_note_note->note
320,"[CBC,[KK,concatenate,note],PM(""note->note"")]",-5.545177444479562,note_note_note->note
321,"[CBS,[BB,concatenate,PM(""note_note->note"")],PM(""note_note->note"")]",-5.545177444479562,note_note_note->note
322,"[CBS,[BK,concatenate,PM(""note->note"")],PM(""note_note->note"")]",-5.545177444479562,note_note_note->note
323,"[CBS,[KB,concatenate,PM(""note->note"")],PM(""note_note->note"")]",-5.545177444479562,note_note_note->note
324,"[CBS,[KK,concatenate,note],PM(""note_note->note"")]",-5.545177444479562,note_note_note->note
325,"[CKB,[B,concatenate,PM(""note->note"")],PM(""note->note"")]",-4.852030263919617,note_note_note->note
326,"[CKB,[K,concatenate,note],PM(""note->note"")]",-4.852030263919617,note_note_note->note
327,"[CKK,[B,concatenate,PM(""note->note"")],note]",-4.852030263919617,note_note_note->note
328,"[CKK,[K,concatenate,note],note]",-4.852030263919617,note_note_note->note
329,"[CKC,[BB,concatenate,PM(""note_note->note"")],note]",-5.545177444479562,note_note_note->note
330,"[CKC,[BK,concatenate,PM(""note->note"")],note]",-5.545177444479562,note_note_note->note
331,"[CKC,[KB,concatenate,PM(""note->note"")],note]",-5.545177444479562,note_note_note->note
332,"[CKC,[KK,concatenate,note],note]",-5.545177444479562,note_note_note->note
333,"[CKS,[BB,concatenate,PM(""note_note->note"")],PM(""note->note"")]",-5.545177444479562,note_note_note->note
334,"[CKS,[BK,concatenate,PM(""note->note"")],PM(""note->note"")]",-5.545177444479562,note_note_note->note
335,"[CKS,[KB,concatenate,PM(""note->note"")],PM(""note->note"")]",-5.545177444479562,note_note_note->note
336,"[CKS,[KK,concatenate,note],PM(""note->note"")]",-5.545177444479562,note_note_note->note
337,"[CCB,[BB,concatenate,PM(""note_note->note"")],PM(""note->note"")]",-5.545177444479562,note_note_note->note
338,"[CCB,[BK,concatenate,PM(""note->note"")],PM(""note->note"")]",-5.545177444479562,note_note_note->note
339,"[CCB,[KB,concatenate,PM(""note->note"")],PM(""note->note"")]",-5.545177444479562,note_note_note->note
340,"[CCB,[KK,concatenate,note],PM(""note->note"")]",-5.545177444479562,note_note_note->note
341,"[CCK,[BB,concatenate,PM(""note_note->note"")],note]",-5.545177444479562,note_note_note->note
342,"[CCK,[BK,concatenate,PM(""note->note"")],note]",-5.545177444479562,note_note_note->note
343,"[CCK,[KB,concatenate,PM(""note->note"")],note]",-5.545177444479562,note_note_note->note
344,"[CCK,[KK,concatenate,note],note]",-5.545177444479562,note_note_note->note
345,"[CCC,[BBK,concatenate,PM(""note_note->note"")],note]",-6.238324625039507,note_note_note->note
346,"[CCC,[BKB,concatenate,PM(""note_note->note"")],note]",-6.238324625039507,note_note_note->note
347,"[CCC,[BKK,concatenate,PM(""note->note"")],note]",-6.238324625039507,note_note_note->note
348,"[CCC,[KBB,concatenate,PM(""note_note->note"")],note]",-6.238324625039507,note_note_note->note
349,"[CCC,[KBK,concatenate,PM(""note->note"")],note]",-6.238324625039507,note_note_note->note
350,"[CCC,[KKB,concatenate,PM(""note->note"")],note]",-6.238324625039507,note_note_note->note
351,"[CCC,[KKK,concatenate,note],note]",-6.238324625039507,note_note_note->note
352,"[CCS,[BBK,concatenate,PM(""note_note->note"")],PM(""note->note"")]",-6.238324625039507,note_note_note->note
353,"[CCS,[BKB,concatenate,PM(""note_note->note"")],PM(""note->note"")]",-6.238324625039507,note_note_note->note
354,"[CCS,[BKK,concatenate,PM(""note->note"")],PM(""note->note"")]",-6.238324625039507,note_note_note->note
355,"[CCS,[KBB,concatenate,PM(""note_note->note"")],PM(""note->note"")]",-6.238324625039507,note_note_note->note
356,"[CCS,[KBK,concatenate,PM(""note->note"")],PM(""note->note"")]",-6.238324625039507,note_note_note->note
357,"[CCS,[KKB,concatenate,PM(""note->note"")],PM(""note->note"")]",-6.238324625039507,note_note_note->note
358,"[CCS,[KKK,concatenate,note],PM(""note->note"")]",-6.238324625039507,note_note_note->note
359,"[CSB,[BB,concatenate,PM(""note_note->note"")],PM(""note_note->note"")]",-5.545177444479562,note_note_note->note
360,"[CSB,[BK,concatenate,PM(""note->note"")],PM(""note_note->note"")]",-5.545177444479562,note_note_note->note
361,"[CSB,[KB,concatenate,PM(""note->note"")],PM(""note_note->note"")]",-5.545177444479562,note_note_note->note
362,"[CSB,[KK,concatenate,note],PM(""note_note->note"")]",-5.545177444479562,note_note_note->note
363,"[CSK,[BB,concatenate,PM(""note_note->note"")],PM(""note->note"")]",-5.545177444479562,note_note_note->note
364,"[CSK,[BK,concatenate,PM(""note->note"")],PM(""note->note"")]",-5.545177444479562,note_note_note->note
365,"[CSK,[KB,concatenate,PM(""note->note"")],PM(""note->note"")]",-5.545177444479562,note_note_note->note
366,"[CSK,[KK,concatenate,note],PM(""note->note"")]",-5.545177444479562,note_note_note->note
367,"[CSC,[BBK,concatenate,PM(""note_note->note"")],PM(""note->note"")]",-6.238324625039507,note_note_note->note
368,"[CSC,[BKB,concatenate,PM(""note_note->note"")],PM(""note->note"")]",-6.238324625039507,note_note_note->note
369,"[CSC,[BKK,concatenate,PM(""note->note"")],PM(""note->note"")]",-6.238324625039507,note_note_note->note
370,"[CSC,[KBB,concatenate,PM(""note_note->note"")],PM(""note->note"")]",-6.238324625039507,note_note_note->note
371,"[CSC,[KBK,concatenate,PM(""note->note"")],PM(""note->note"")]",-6.238324625039507,note_note_note->note
372,"[CSC,[KKB,concatenate,PM(""note->note"")],PM(""note->note"")]",-6.238324625039507,note_note_note->note
373,"[CSC,[KKK,concatenate,note],PM(""note->note"")]",-6.238324625039507,note_note_note->note
374,"[CSS,[BBK,concatenate,PM(""note_note->note"")],PM(""note_note->note"")]",-6.238324625039507,note_note_note->note
375,"[CSS,[BKB,concatenate,PM(""note_note->note"")],PM(""note_note->note"")]",-6.238324625039507,note_note_note->note
376,"[CSS,[BKK,concatenate,PM(""note->note"")],PM(""note_note->note"")]",-6.238324625039507,note_note_note->note
377,"[CSS,[KBB,concatenate,PM(""note_note->note"")],PM(""note_note->note"")]",-6.238324625039507,note_note_note->note
378,"[CSS,[KBK,concatenate,PM(""note->note"")],PM(""note_note->note"")]",-6.238324625039507,note_note_note->note
379,"[CSS,[KKB,concatenate,PM(""note->note"")],PM(""note_note->note"")]",-6.238324625039507,note_note_note->note
380,"[CSS,[KKK,concatenate,note],PM(""note_note->note"")]",-6.238324625039507,note_note_note->note
381,"[SBK,[B,concatenate,PM(""note->note"")],PM(""note_note->note"")]",-4.852030263919617,note_note_note->note
382,"[SBK,[K,concatenate,note],PM(""note_note->note"")]",-4.852030263919617,note_note_note->note
383,"[SBC,[BB,concatenate,PM(""note_note->note"")],PM(""note_note->note"")]",-5.545177444479562,note_note_note->note
384,"[SBC,[BK,concatenate,PM(""note->note"")],PM(""note_note->note"")]",-5.545177444479562,note_note_note->note
385,"[SBC,[KB,concatenate,PM(""note->note"")],PM(""note_note->note"")]",-5.545177444479562,note_note_note->note
386,"[SBC,[KK,concatenate,note],PM(""note_note->note"")]",-5.545177444479562,note_note_note->note
387,"[SKB,[B,concatenate,PM(""note->note"")],PM(""note_note->note"")]",-4.852030263919617,note_note_note->note
388,"[SKB,[K,concatenate,note],PM(""note_note->note"")]",-4.852030263919617,note_note_note->note
389,"[SKK,[B,concatenate,PM(""note->note"")],PM(""note->note"")]",-4.852030263919617,note_note_note->note
390,"[SKK,[K,concatenate,note],PM(""note->note"")]",-4.852030263919617,note_note_note->note
391,"[SKC,[BB,concatenate,PM(""note_note->note"")],PM(""note->note"")]",-5.545177444479562,note_note_note->note
392,"[SKC,[BK,concatenate,PM(""note->note"")],PM(""note->note"")]",-5.545177444479562,note_note_note->note
393,"[SKC,[KB,concatenate,PM(""note->note"")],PM(""note->note"")]",-5.545177444479562,note_note_note->note
394,"[SKC,[KK,concatenate,note],PM(""note->note"")]",-5.545177444479562,note_note_note->note
395,"[SKS,[BB,concatenate,PM(""note_note->note"")],PM(""note_note->note"")]",-5.545177444479562,note_note_note->note
396,"[SKS,[BK,concatenate,PM(""note->note"")],PM(""note_note->note"")]",-5.545177444479562,note_note_note->note
397,"[SKS,[KB,concatenate,PM(""note->note"")],PM(""note_note->note"")]",-5.545177444479562,note_note_note->note
398,"[SKS,[KK,concatenate,note],PM(""note_note->note"")]",-5.545177444479562,note_note_note->note
399,"[SCB,[BB,concatenate,PM(""note_note->note"")],PM(""note_note->note"")]",-5.545177444479562,note_note_note->note
400,"[SCB,[BK,concatenate,PM(""note->note"")],PM(""note_note->note"")]",-5.545177444479562,note_note_note->note
401,"[SCB,[KB,concatenate,PM(""note->note"")],PM(""note_note->note"")]",-5.545177444479562,note_note_note->note
402,"[SCB,[KK,concatenate,note],PM(""note_note->note"")]",-5.545177444479562,note_note_note->note
403,"[SCK,[BB,concatenate,PM(""note_note->note"")],PM(""note->note"")]",-5.545177444479562,note_note_note->note
404,"[SCK,[BK,concatenate,PM(""note->note"")],PM(""note->note"")]",-5.545177444479562,note_note_note->note
405,"[SCK,[KB,concatenate,PM(""note->note"")],PM(""note->note"")]",-5.545177444479562,note_note_note->note
406,"[SCK,[KK,concatenate,note],PM(""note->note"")]",-5.545177444479562,note_note_note->note
407,"[SCC,[BBK,concatenate,PM(""note_note->note"")],PM(""note->note"")]",-6.238324625039507,note_note_note->note
408,"[SCC,[BKB,concatenate,PM(""note_note->note"")],PM(""note->note"")]",-6.238324625039507,note_note_note->note
409,"[SCC,[BKK,concatenate,PM(""note->note"")],PM(""note->note"")]",-6.238324625039507,note_note_note->note
410,"[SCC,[KBB,concatenate,PM(""note_note->note"")],PM(""note->note"")]",-6.238324625039507,note_note_note->note
411,"[SCC,[KBK,concatenate,PM(""note->note"")],PM(""note->note"")]",-6.238324625039507,note_note_note->note
412,"[SCC,[KKB,concatenate,PM(""note->note"")],PM(""note->note"")]",-6.238324625039507,note_note_note->note
413,"[SCC,[KKK,concatenate,note],PM(""note->note"")]",-6.238324625039507,note_note_note->note
414,"[SCS,[BBK,concatenate,PM(""note_note->note"")],PM(""note_note->note"")]",-6.238324625039507,note_note_note->note
415,"[SCS,[BKB,concatenate,PM(""note_note->note"")],PM(""note_note->note"")]",-6.238324625039507,note_note_note->note
416,"[SCS,[BKK,concatenate,PM(""note->note"")],PM(""note_note->note"")]",-6.238324625039507,note_note_note->note
417,"[SCS,[KBB,concatenate,PM(""note_note->note"")],PM(""note_note->note"")]",-6.238324625039507,note_note_note->note
418,"[SCS,[KBK,concatenate,PM(""note->note"")],PM(""note_note->note"")]",-6.238324625039507,note_note_note->note
419,"[SCS,[KKB,concatenate,PM(""note->note"")],PM(""note_note->note"")]",-6.238324625039507,note_note_note->note
420,"[SCS,[KKK,concatenate,note],PM(""note_note->note"")]",-6.238324625039507,note_note_note->note
421,"[SSK,[BB,concatenate,PM(""note_note->note"")],PM(""note_note->note"")]",-5.545177444479562,note_note_note->note
422,"[SSK,[BK,concatenate,PM(""note->note"")],PM(""note_note->note"")]",-5.545177444479562,note_note_note->note
423,"[SSK,[KB,concatenate,PM(""note->note"")],PM(""note_note->note"")]",-5.545177444479562,note_note_note->note
424,"[SSK,[KK,concatenate,note],PM(""note_note->note"")]",-5.545177444479562,note_note_note->note
425,"[SSC,[BBK,concatenate,PM(""note_note->note"")],PM(""note_note->note"")]",-6.238324625039507,note_note_note->note
426,"[SSC,[BKB,concatenate,PM(""note_note->note"")],PM(""note_note->note"")]",-6.238324625039507,note_note_note->note
427,"[SSC,[BKK,concatenate,PM(""note->note"")],PM(""note_note->note"")]",-6.238324625039507,note_note_note->note
428,"[SSC,[KBB,concatenate,PM(""note_note->note"")],PM(""note_note->note"")]",-6.238324625039507,note_note_note->note
429,"[SSC,[KBK,concatenate,PM(""note->note"")],PM(""note_note->note"")]",-6.238324625039507,note_note_note->note
430,"[SSC,[KKB,concatenate,PM(""note->note"")],PM(""note_note->note"")]",-6.238324625039507,note_note_note->note
431,"[SSC,[KKK,concatenate,note],PM(""note_note->note"")]",-6.238324625039507,note_note_note->note
432,"[KKK,[[ranges,note],count],count]",-4.1588830833596715,note_note_note->note
433,"[KKC,[K,[ranges,note],count],count]",-5.545177444479562,note_note_note->note
434,"[KKC,[C,[B,ranges,PM(""note->note"")],count],count]",-6.238324625039507,note_note_note->note
435,"[KKC,[C,[K,ranges,note],count],count]",-6.238324625039507,note_note_note->note
436,"[KCK,[K,[ranges,note],count],count]",-5.545177444479562,note_note_note->note
437,"[KCK,[C,[B,ranges,PM(""note->note"")],count],count]",-6.238324625039507,note_note_note->note
438,"[KCK,[C,[K,ranges,note],count],count]",-6.238324625039507,note_note_note->note
439,"[KCC,[KK,[ranges,note],count],count]",-6.931471805599452,note_note_note->note
440,"[KCC,[KC,[B,ranges,PM(""note->note"")],count],count]",-7.624618986159398,note_note_note->note
441,"[KCC,[KC,[K,ranges,note],count],count]",-7.624618986159398,note_note_note->note
442,"[KCC,[CK,[B,ranges,PM(""note->note"")],count],count]",-7.624618986159398,note_note_note->note
443,"[KCC,[CK,[K,ranges,note],count],count]",-7.624618986159398,note_note_note->note
444,"[KCC,[CC,[BB,ranges,PM(""note_note->note"")],count],count]",-8.317766166719343,note_note_note->note
445,"[KCC,[CC,[BK,ranges,PM(""note->note"")],count],count]",-8.317766166719343,note_note_note->note
446,"[KCC,[CC,[KB,ranges,PM(""note->note"")],count],count]",-8.317766166719343,note_note_note->note
447,"[KCC,[CC,[KK,ranges,note],count],count]",-8.317766166719343,note_note_note->note
448,"[CKK,[K,[ranges,note],count],count]",-5.545177444479562,note_note_note->note
449,"[CKK,[C,[B,ranges,PM(""note->note"")],count],count]",-6.238324625039507,note_note_note->note
450,"[CKK,[C,[K,ranges,note],count],count]",-6.238324625039507,note_note_note->note
451,"[CKC,[KK,[ranges,note],count],count]",-6.931471805599452,note_note_note->note
452,"[CKC,[KC,[B,ranges,PM(""note->note"")],count],count]",-7.624618986159398,note_note_note->note
453,"[CKC,[KC,[K,ranges,note],count],count]",-7.624618986159398,note_note_note->note
454,"[CKC,[CK,[B,ranges,PM(""note->note"")],count],count]",-7.624618986159398,note_note_note->note
455,"[CKC,[CK,[K,ranges,note],count],count]",-7.624618986159398,note_note_note->note
456,"[CKC,[CC,[BB,ranges,PM(""note_note->note"")],count],count]",-8.317766166719343,note_note_note->note
457,"[CKC,[CC,[BK,ranges,PM(""note->note"")],count],count]",-8.317766166719343,note_note_note->note
458,"[CKC,[CC,[KB,ranges,PM(""note->note"")],count],count]",-8.317766166719343,note_note_note->note
459,"[CKC,[CC,[KK,ranges,note],count],count]",-8.317766166719343,note_note_note->note
460,"[CCK,[KK,[ranges,note],count],count]",-6.931471805599452,note_note_note->note
461,"[CCK,[KC,[B,ranges,PM(""note->note"")],count],count]",-7.624618986159398,note_note_note->note
462,"[CCK,[KC,[K,ranges,note],count],count]",-7.624618986159398,note_note_note->note
463,"[CCK,[CK,[B,ranges,PM(""note->note"")],count],count]",-7.624618986159398,note_note_note->note
464,"[CCK,[CK,[K,ranges,note],count],count]",-7.624618986159398,note_note_note->note
465,"[CCK,[CC,[BB,ranges,PM(""note_note->note"")],count],count]",-8.317766166719343,note_note_note->note
466,"[CCK,[CC,[BK,ranges,PM(""note->note"")],count],count]",-8.317766166719343,note_note_note->note
467,"[CCK,[CC,[KB,ranges,PM(""note->note"")],count],count]",-8.317766166719343,note_note_note->note
468,"[CCK,[CC,[KK,ranges,note],count],count]",-8.317766166719343,note_note_note->note
469,"[CCC,[KKK,[ranges,note],count],count]",-8.317766166719343,note_note_note->note
470,"[CCC,[KKC,[B,ranges,PM(""note->note"")],count],count]",-9.010913347279288,note_note_note->note
471,"[CCC,[KKC,[K,ranges,note],count],count]",-9.010913347279288,note_note_note->note
472,"[CCC,[KCK,[B,ranges,PM(""note->note"")],count],count]",-9.010913347279288,note_note_note->note
473,"[CCC,[KCK,[K,ranges,note],count],count]",-9.010913347279288,note_note_note->note
474,"[CCC,[KCC,[BB,ranges,PM(""note_note->note"")],count],count]",-9.704060527839234,note_note_note->note
475,"[CCC,[KCC,[BK,ranges,PM(""note->note"")],count],count]",-9.704060527839234,note_note_note->note
476,"[CCC,[KCC,[KB,ranges,PM(""note->note"")],count],count]",-9.704060527839234,note_note_note->note
477,"[CCC,[KCC,[KK,ranges,note],count],count]",-9.704060527839234,note_note_note->note
478,"[CCC,[CKK,[B,ranges,PM(""note->note"")],count],count]",-9.010913347279288,note_note_note->note
479,"[CCC,[CKK,[K,ranges,note],count],count]",-9.010913347279288,note_note_note->note
480,"[CCC,[CKC,[BB,ranges,PM(""note_note->note"")],count],count]",-9.704060527839234,note_note_note->note
481,"[CCC,[CKC,[BK,ranges,PM(""note->note"")],count],count]",-9.704060527839234,note_note_note->note
482,"[CCC,[CKC,[KB,ranges,PM(""note->note"")],count],count]",-9.704060527839234,note_note_note->note
483,"[CCC,[CKC,[KK,ranges,note],count],count]",-9.704060527839234,note_note_note->note
484,"[CCC,[CCK,[BB,ranges,PM(""note_note->note"")],count],count]",-9.704060527839234,note_note_note->note
485,"[CCC,[CCK,[BK,ranges,PM(""note->note"")],count],count]",-9.704060527839234,note_note_note->note
486,"[CCC,[CCK,[KB,ranges,PM(""note->note"")],count],count]",-9.704060527839234,note_note_note->note
487,"[CCC,[CCK,[KK,ranges,note],count],count]",-9.704060527839234,note_note_note->note
488,"[CCC,[CCC,[BBK,ranges,PM(""note_note->note"")],count],count]",-10.39720770839918,note_note_note->note
489,"[CCC,[CCC,[BKB,ranges,PM(""note_note->note"")],count],count]",-10.39720770839918,note_note_note->note
490,"[CCC,[CCC,[BKK,ranges,PM(""note->note"")],count],count]",-10.39720770839918,note_note_note->note
491,"[CCC,[CCC,[KBB,ranges,PM(""note_note->note"")],count],count]",-10.39720770839918,note_note_note->note
492,"[CCC,[CCC,[KBK,ranges,PM(""note->note"")],count],count]",-10.39720770839918,note_note_note->note
493,"[CCC,[CCC,[KKB,ranges,PM(""note->note"")],count],count]",-10.39720770839918,note_note_note->note
494,"[CCC,[CCC,[KKK,ranges,note],count],count]",-10.39720770839918,note_note_note->note
495,"[KKK,[up,note],count]",-4.1588830833596715,note_note_count->note
496,"[KKC,[K,up,note],count]",-4.852030263919617,note_note_count->note
497,"[KCK,[B,up,PM(""note->note"")],count]",-4.852030263919617,note_note_count->note
498,"[KCK,[K,up,note],count]",-4.852030263919617,note_note_count->note
499,"[KCC,[BB,up,PM(""note_count->note"")],count]",-5.545177444479562,note_note_count->note
500,"[KCC,[BK,up,PM(""note->note"")],count]",-5.545177444479562,note_note_count->note
501,"[KCC,[KK,up,note],count]",-5.545177444479562,note_note_count->note
502,"[CKK,[B,up,PM(""note->note"")],count]",-4.852030263919617,note_note_count->note
503,"[CKK,[K,up,note],count]",-4.852030263919617,note_note_count->note
504,"[CKC,[BB,up,PM(""note_count->note"")],count]",-5.545177444479562,note_note_count->note
505,"[CKC,[BK,up,PM(""note->note"")],count]",-5.545177444479562,note_note_count->note
506,"[CKC,[KK,up,note],count]",-5.545177444479562,note_note_count->note
507,"[CCK,[BB,up,PM(""note_note->note"")],count]",-5.545177444479562,note_note_count->note
508,"[CCK,[BK,up,PM(""note->note"")],count]",-5.545177444479562,note_note_count->note
509,"[CCK,[KB,up,PM(""note->note"")],count]",-5.545177444479562,note_note_count->note
510,"[CCK,[KK,up,note],count]",-5.545177444479562,note_note_count->note
511,"[CCC,[BBK,up,PM(""note_note->note"")],count]",-6.238324625039507,note_note_count->note
512,"[CCC,[BKB,up,PM(""note_count->note"")],count]",-6.238324625039507,note_note_count->note
513,"[CCC,[BKK,up,PM(""note->note"")],count]",-6.238324625039507,note_note_count->note
514,"[CCC,[KBB,up,PM(""note_count->note"")],count]",-6.238324625039507,note_note_count->note
515,"[CCC,[KBK,up,PM(""note->note"")],count]",-6.238324625039507,note_note_count->note
516,"[CCC,[KKK,up,note],count]",-6.238324625039507,note_note_count->note
517,"[KKK,[down,note],count]",-4.1588830833596715,note_note_count->note
518,"[KKC,[K,down,note],count]",-4.852030263919617,note_note_count->note
519,"[KCK,[B,down,PM(""note->note"")],count]",-4.852030263919617,note_note_count->note
520,"[KCK,[K,down,note],count]",-4.852030263919617,note_note_count->note
521,"[KCC,[BB,down,PM(""note_count->note"")],count]",-5.545177444479562,note_note_count->note
522,"[KCC,[BK,down,PM(""note->note"")],count]",-5.545177444479562,note_note_count->note
523,"[KCC,[KK,down,note],count]",-5.545177444479562,note_note_count->note
524,"[CKK,[B,down,PM(""note->note"")],count]",-4.852030263919617,note_note_count->note
525,"[CKK,[K,down,note],count]",-4.852030263919617,note_note_count->note
526,"[CKC,[BB,down,PM(""note_count->note"")],count]",-5.545177444479562,note_note_count->note
527,"[CKC,[BK,down,PM(""note->note"")],count]",-5.545177444479562,note_note_count->note
528,"[CKC,[KK,down,note],count]",-5.545177444479562,note_note_count->note
529,"[CCK,[BB,down,PM(""note_note->note"")],count]",-5.545177444479562,note_note_count->note
530,"[CCK,[BK,down,PM(""note->note"")],count]",-5.545177444479562,note_note_count->note
531,"[CCK,[KB,down,PM(""note->note"")],count]",-5.545177444479562,note_note_count->note
532,"[CCK,[KK,down,note],count]",-5.545177444479562,note_note_count->note
533,"[CCC,[BBK,down,PM(""note_note->note"")],count]",-6.238324625039507,note_note_count->note
534,"[CCC,[BKB,down,PM(""note_count->note"")],count]",-6.238324625039507,note_note_count->note
535,"[CCC,[BKK,down,PM(""note->note"")],count]",-6.238324625039507,note_note_count->note
536,"[CCC,[KBB,down,PM(""note_count->note"")],count]",-6.238324625039507,note_note_count->note
537,"[CCC,[KBK,down,PM(""note->note"")],count]",-6.238324625039507,note_note_count->note
538,"[CCC,[KKK,down,note],count]",-6.238324625039507,note_note_count->note
539,"[BBK,reverse,PM(""note_note->note"")]",-2.0794415416798357,note_note_count->note
540,"[BKB,reverse,PM(""note_count->note"")]",-2.0794415416798357,note_note_count->note
541,"[BKK,reverse,PM(""note->note"")]",-2.0794415416798357,note_note_count->note
542,"[KBB,reverse,PM(""note_count->note"")]",-2.0794415416798357,note_note_count->note
543,"[KBK,reverse,PM(""note->note"")]",-2.0794415416798357,note_note_count->note
544,"[KKK,reverse,note]",-2.0794415416798357,note_note_count->note
545,"[KKK,[repeat,note],count]",-4.1588830833596715,note_note_count->note
546,"[KKC,[K,repeat,note],count]",-4.852030263919617,note_note_count->note
547,"[KCK,[B,repeat,PM(""note->note"")],count]",-4.852030263919617,note_note_count->note
548,"[KCK,[K,repeat,note],count]",-4.852030263919617,note_note_count->note
549,"[KCC,[BB,repeat,PM(""note_count->note"")],count]",-5.545177444479562,note_note_count->note
550,"[KCC,[BK,repeat,PM(""note->note"")],count]",-5.545177444479562,note_note_count->note
551,"[KCC,[KK,repeat,note],count]",-5.545177444479562,note_note_count->note
552,"[CKK,[B,repeat,PM(""note->note"")],count]",-4.852030263919617,note_note_count->note
553,"[CKK,[K,repeat,note],count]",-4.852030263919617,note_note_count->note
554,"[CKC,[BB,repeat,PM(""note_count->note"")],count]",-5.545177444479562,note_note_count->note
555,"[CKC,[BK,repeat,PM(""note->note"")],count]",-5.545177444479562,note_note_count->note
556,"[CKC,[KK,repeat,note],count]",-5.545177444479562,note_note_count->note
557,"[CCK,[BB,repeat,PM(""note_note->note"")],count]",-5.545177444479562,note_note_count->note
558,"[CCK,[BK,repeat,PM(""note->note"")],count]",-5.545177444479562,note_note_count->note
559,"[CCK,[KB,repeat,PM(""note->note"")],count]",-5.545177444479562,note_note_count->note
560,"[CCK,[KK,repeat,note],count]",-5.545177444479562,note_note_count->note
561,"[CCC,[BBK,repeat,PM(""note_note->note"")],count]",-6.238324625039507,note_note_count->note
562,"[CCC,[BKB,repeat,PM(""note_count->note"")],count]",-6.238324625039507,note_note_count->note
563,"[CCC,[BKK,repeat,PM(""note->note"")],count]",-6.238324625039507,note_note_count->note
564,"[CCC,[KBB,repeat,PM(""note_count->note"")],count]",-6.238324625039507,note_note_count->note
565,"[CCC,[KBK,repeat,PM(""note->note"")],count]",-6.238324625039507,note_note_count->note
566,"[CCC,[KKK,repeat,note],count]",-6.238324625039507,note_note_count->note
567,"[BBK,[concatenate,note],PM(""note_note->note"")]",-4.1588830833596715,note_note_count->note
568,"[BBC,[K,concatenate,note],PM(""note_note->note"")]",-4.852030263919617,note_note_count->note
569,"[BKB,[concatenate,note],PM(""note_count->note"")]",-4.1588830833596715,note_note_count->note
570,"[BKK,[concatenate,note],PM(""note->note"")]",-4.1588830833596715,note_note_count->note
571,"[BKC,[K,concatenate,note],PM(""note->note"")]",-4.852030263919617,note_note_count->note
572,"[BKS,[K,concatenate,note],PM(""note_count->note"")]",-4.852030263919617,note_note_count->note
573,"[BCB,[B,concatenate,PM(""note->note"")],PM(""note_count->note"")]",-4.852030263919617,note_note_count->note
574,"[BCB,[K,concatenate,note],PM(""note_count->note"")]",-4.852030263919617,note_note_count->note
575,"[BCK,[B,concatenate,PM(""note->note"")],PM(""note->note"")]",-4.852030263919617,note_note_count->note
576,"[BCK,[K,concatenate,note],PM(""note->note"")]",-4.852030263919617,note_note_count->note
577,"[BCC,[BB,concatenate,PM(""note_count->note"")],PM(""note->note"")]",-5.545177444479562,note_note_count->note
578,"[BCC,[BK,concatenate,PM(""note->note"")],PM(""note->note"")]",-5.545177444479562,note_note_count->note
579,"[BCC,[KK,concatenate,note],PM(""note->note"")]",-5.545177444479562,note_note_count->note
580,"[BCS,[BB,concatenate,PM(""note_count->note"")],PM(""note_count->note"")]",-5.545177444479562,note_note_count->note
581,"[BCS,[BK,concatenate,PM(""note->note"")],PM(""note_count->note"")]",-5.545177444479562,note_note_count->note
582,"[BCS,[KK,concatenate,note],PM(""note_count->note"")]",-5.545177444479562,note_note_count->note
583,"[BSK,[B,concatenate,PM(""note->note"")],PM(""note_note->note"")]",-4.852030263919617,note_note_count->note
584,"[BSK,[K,concatenate,note],PM(""note_note->note"")]",-4.852030263919617,note_note_count->note
585,"[BSC,[BB,concatenate,PM(""note_count->note"")],PM(""note_note->note"")]",-5.545177444479562,note_note_count->note
586,"[BSC,[BK,concatenate,PM(""note->note"")],PM(""note_note->note"")]",-5.545177444479562,note_note_count->note
587,"[BSC,[KK,concatenate,note],PM(""note_note->note"")]",-5.545177444479562,note_note_count->note
588,"[KBB,[concatenate,note],PM(""note_count->note"")]",-4.1588830833596715,note_note_count->note
589,"[KBK,[concatenate,note],PM(""note->note"")]",-4.1588830833596715,note_note_count->note
590,"[KBC,[K,concatenate,note],PM(""note->note"")]",-4.852030263919617,note_note_count->note
591,"[KBS,[K,concatenate,note],PM(""note_count->note"")]",-4.852030263919617,note_note_count->note
592,"[KKK,[concatenate,note],note]",-4.1588830833596715,note_note_count->note
593,"[KKC,[K,concatenate,note],note]",-4.852030263919617,note_note_count->note
594,"[KCK,[B,concatenate,PM(""note->note"")],note]",-4.852030263919617,note_note_count->note
595,"[KCK,[K,concatenate,note],note]",-4.852030263919617,note_note_count->note
596,"[KCC,[BB,concatenate,PM(""note_count->note"")],note]",-5.545177444479562,note_note_count->note
597,"[KCC,[BK,concatenate,PM(""note->note"")],note]",-5.545177444479562,note_note_count->note
598,"[KCC,[KK,concatenate,note],note]",-5.545177444479562,note_note_count->note
599,"[KSB,[B,concatenate,PM(""note->note"")],PM(""note_count->note"")]",-4.852030263919617,note_note_count->note
600,"[KSB,[K,concatenate,note],PM(""note_count->note"")]",-4.852030263919617,note_note_count->note
601,"[KSK,[B,concatenate,PM(""note->note"")],PM(""note->note"")]",-4.852030263919617,note_note_count->note
602,"[KSK,[K,concatenate,note],PM(""note->note"")]",-4.852030263919617,note_note_count->note
603,"[KSC,[BB,concatenate,PM(""note_count->note"")],PM(""note->note"")]",-5.545177444479562,note_note_count->note
604,"[KSC,[BK,concatenate,PM(""note->note"")],PM(""note->note"")]",-5.545177444479562,note_note_count->note
605,"[KSC,[KK,concatenate,note],PM(""note->note"")]",-5.545177444479562,note_note_count->note
606,"[KSS,[BB,concatenate,PM(""note_count->note"")],PM(""note_count->note"")]",-5.545177444479562,note_note_count->note
607,"[KSS,[BK,concatenate,PM(""note->note"")],PM(""note_count->note"")]",-5.545177444479562,note_note_count->note
608,"[KSS,[KK,concatenate,note],PM(""note_count->note"")]",-5.545177444479562,note_note_count->note
609,"[CBB,[B,concatenate,PM(""note->note"")],PM(""note_count->note"")]",-4.852030263919617,note_note_count->note
610,"[CBB,[K,concatenate,note],PM(""note_count->note"")]",-4.852030263919617,note_note_count->note
611,"[CBK,[B,concatenate,PM(""note->note"")],PM(""note->note"")]",-4.852030263919617,note_note_count->note
612,"[CBK,[K,concatenate,note],PM(""note->note"")]",-4.852030263919617,note_note_count->note
613,"[CBC,[BB,concatenate,PM(""note_count->note"")],PM(""note->note"")]",-5.545177444479562,note_note_count->note
614,"[CBC,[BK,concatenate,PM(""note->note"")],PM(""note->note"")]",-5.545177444479562,note_note_count->note
615,"[CBC,[KK,concatenate,note],PM(""note->note"")]",-5.545177444479562,note_note_count->note
616,"[CBS,[BB,concatenate,PM(""note_count->note"")],PM(""note_count->note"")]",-5.545177444479562,note_note_count->note
617,"[CBS,[BK,concatenate,PM(""note->note"")],PM(""note_count->note"")]",-5.545177444479562,note_note_count->note
618,"[CBS,[KK,concatenate,note],PM(""note_count->note"")]",-5.545177444479562,note_note_count->note
619,"[CKK,[B,concatenate,PM(""note->note"")],note]",-4.852030263919617,note_note_count->note
620,"[CKK,[K,concatenate,note],note]",-4.852030263919617,note_note_count->note
621,"[CKC,[BB,concatenate,PM(""note_count->note"")],note]",-5.545177444479562,note_note_count->note
622,"[CKC,[BK,concatenate,PM(""note->note"")],note]",-5.545177444479562,note_note_count->note
623,"[CKC,[KK,concatenate,note],note]",-5.545177444479562,note_note_count->note
624,"[CCK,[BB,concatenate,PM(""note_note->note"")],note]",-5.545177444479562,note_note_count->note
625,"[CCK,[BK,concatenate,PM(""note->note"")],note]",-5.545177444479562,note_note_count->note
626,"[CCK,[KB,concatenate,PM(""note->note"")],note]",-5.545177444479562,note_note_count->note
627,"[CCK,[KK,concatenate,note],note]",-5.545177444479562,note_note_count->note
628,"[CCC,[BBK,concatenate,PM(""note_note->note"")],note]",-6.238324625039507,note_note_count->note
629,"[CCC,[BKB,concatenate,PM(""note_count->note"")],note]",-6.238324625039507,note_note_count->note
630,"[CCC,[BKK,concatenate,PM(""note->note"")],note]",-6.238324625039507,note_note_count->note
631,"[CCC,[KBB,concatenate,PM(""note_count->note"")],note]",-6.238324625039507,note_note_count->note
632,"[CCC,[KBK,concatenate,PM(""note->note"")],note]",-6.238324625039507,note_note_count->note
633,"[CCC,[KKK,concatenate,note],note]",-6.238324625039507,note_note_count->note
634,"[CSB,[BB,concatenate,PM(""note_note->note"")],PM(""note_count->note"")]",-5.545177444479562,note_note_count->note
635,"[CSB,[BK,concatenate,PM(""note->note"")],PM(""note_count->note"")]",-5.545177444479562,note_note_count->note
636,"[CSB,[KB,concatenate,PM(""note->note"")],PM(""note_count->note"")]",-5.545177444479562,note_note_count->note
637,"[CSB,[KK,concatenate,note],PM(""note_count->note"")]",-5.545177444479562,note_note_count->note
638,"[CSK,[BB,concatenate,PM(""note_note->note"")],PM(""note->note"")]",-5.545177444479562,note_note_count->note
639,"[CSK,[BK,concatenate,PM(""note->note"")],PM(""note->note"")]",-5.545177444479562,note_note_count->note
640,"[CSK,[KB,concatenate,PM(""note->note"")],PM(""note->note"")]",-5.545177444479562,note_note_count->note
641,"[CSK,[KK,concatenate,note],PM(""note->note"")]",-5.545177444479562,note_note_count->note
642,"[CSC,[BBK,concatenate,PM(""note_note->note"")],PM(""note->note"")]",-6.238324625039507,note_note_count->note
643,"[CSC,[BKB,concatenate,PM(""note_count->note"")],PM(""note->note"")]",-6.238324625039507,note_note_count->note
644,"[CSC,[BKK,concatenate,PM(""note->note"")],PM(""note->note"")]",-6.238324625039507,note_note_count->note
645,"[CSC,[KBB,concatenate,PM(""note_count->note"")],PM(""note->note"")]",-6.238324625039507,note_note_count->note
646,"[CSC,[KBK,concatenate,PM(""note->note"")],PM(""note->note"")]",-6.238324625039507,note_note_count->note
647,"[CSC,[KKK,concatenate,note],PM(""note->note"")]",-6.238324625039507,note_note_count->note
648,"[CSS,[BBK,concatenate,PM(""note_note->note"")],PM(""note_count->note"")]",-6.238324625039507,note_note_count->note
649,"[CSS,[BKB,concatenate,PM(""note_count->note"")],PM(""note_count->note"")]",-6.238324625039507,note_note_count->note
650,"[CSS,[BKK,concatenate,PM(""note->note"")],PM(""note_count->note"")]",-6.238324625039507,note_note_count->note
651,"[CSS,[KBB,concatenate,PM(""note_count->note"")],PM(""note_count->note"")]",-6.238324625039507,note_note_count->note
652,"[CSS,[KBK,concatenate,PM(""note->note"")],PM(""note_count->note"")]",-6.238324625039507,note_note_count->note
653,"[CSS,[KKK,concatenate,note],PM(""note_count->note"")]",-6.238324625039507,note_note_count->note
654,"[SBK,[B,concatenate,PM(""note->note"")],PM(""note_note->note"")]",-4.852030263919617,note_note_count->note
655,"[SBK,[K,concatenate,note],PM(""note_note->note"")]",-4.852030263919617,note_note_count->note
656,"[SBC,[BB,concatenate,PM(""note_count->note"")],PM(""note_note->note"")]",-5.545177444479562,note_note_count->note
657,"[SBC,[BK,concatenate,PM(""note->note"")],PM(""note_note->note"")]",-5.545177444479562,note_note_count->note
658,"[SBC,[KK,concatenate,note],PM(""note_note->note"")]",-5.545177444479562,note_note_count->note
659,"[SKB,[B,concatenate,PM(""note->note"")],PM(""note_count->note"")]",-4.852030263919617,note_note_count->note
660,"[SKB,[K,concatenate,note],PM(""note_count->note"")]",-4.852030263919617,note_note_count->note
661,"[SKK,[B,concatenate,PM(""note->note"")],PM(""note->note"")]",-4.852030263919617,note_note_count->note
662,"[SKK,[K,concatenate,note],PM(""note->note"")]",-4.852030263919617,note_note_count->note
663,"[SKC,[BB,concatenate,PM(""note_count->note"")],PM(""note->note"")]",-5.545177444479562,note_note_count->note
664,"[SKC,[BK,concatenate,PM(""note->note"")],PM(""note->note"")]",-5.545177444479562,note_note_count->note
665,"[SKC,[KK,concatenate,note],PM(""note->note"")]",-5.545177444479562,note_note_count->note
666,"[SKS,[BB,concatenate,PM(""note_count->note"")],PM(""note_count->note"")]",-5.545177444479562,note_note_count->note
667,"[SKS,[BK,concatenate,PM(""note->note"")],PM(""note_count->note"")]",-5.545177444479562,note_note_count->note
668,"[SKS,[KK,concatenate,note],PM(""note_count->note"")]",-5.545177444479562,note_note_count->note
669,"[SCB,[BB,concatenate,PM(""note_note->note"")],PM(""note_count->note"")]",-5.545177444479562,note_note_count->note
670,"[SCB,[BK,concatenate,PM(""note->note"")],PM(""note_count->note"")]",-5.545177444479562,note_note_count->note
671,"[SCB,[KB,concatenate,PM(""note->note"")],PM(""note_count->note"")]",-5.545177444479562,note_note_count->note
672,"[SCB,[KK,concatenate,note],PM(""note_count->note"")]",-5.545177444479562,note_note_count->note
673,"[SCK,[BB,concatenate,PM(""note_note->note"")],PM(""note->note"")]",-5.545177444479562,note_note_count->note
674,"[SCK,[BK,concatenate,PM(""note->note"")],PM(""note->note"")]",-5.545177444479562,note_note_count->note
675,"[SCK,[KB,concatenate,PM(""note->note"")],PM(""note->note"")]",-5.545177444479562,note_note_count->note
676,"[SCK,[KK,concatenate,note],PM(""note->note"")]",-5.545177444479562,note_note_count->note
677,"[SCC,[BBK,concatenate,PM(""note_note->note"")],PM(""note->note"")]",-6.238324625039507,note_note_count->note
678,"[SCC,[BKB,concatenate,PM(""note_count->note"")],PM(""note->note"")]",-6.238324625039507,note_note_count->note
679,"[SCC,[BKK,concatenate,PM(""note->note"")],PM(""note->note"")]",-6.238324625039507,note_note_count->note
680,"[SCC,[KBB,concatenate,PM(""note_count->note"")],PM(""note->note"")]",-6.238324625039507,note_note_count->note
681,"[SCC,[KBK,concatenate,PM(""note->note"")],PM(""note->note"")]",-6.238324625039507,note_note_count->note
682,"[SCC,[KKK,concatenate,note],PM(""note->note"")]",-6.238324625039507,note_note_count->note
683,"[SCS,[BBK,concatenate,PM(""note_note->note"")],PM(""note_count->note"")]",-6.238324625039507,note_note_count->note
684,"[SCS,[BKB,concatenate,PM(""note_count->note"")],PM(""note_count->note"")]",-6.238324625039507,note_note_count->note
685,"[SCS,[BKK,concatenate,PM(""note->note"")],PM(""note_count->note"")]",-6.238324625039507,note_note_count->note
686,"[SCS,[KBB,concatenate,PM(""note_count->note"")],PM(""note_count->note"")]",-6.238324625039507,note_note_count->note
687,"[SCS,[KBK,concatenate,PM(""note->note"")],PM(""note_count->note"")]",-6.238324625039507,note_note_count->note
688,"[SCS,[KKK,concatenate,note],PM(""note_count->note"")]",-6.238324625039507,note_note_count->note
689,"[SSK,[BB,concatenate,PM(""note_note->note"")],PM(""note_note->note"")]",-5.545177444479562,note_note_count->note
690,"[SSK,[BK,concatenate,PM(""note->note"")],PM(""note_note->note"")]",-5.545177444479562,note_note_count->note
691,"[SSK,[KB,concatenate,PM(""note->note"")],PM(""note_note->note"")]",-5.545177444479562,note_note_count->note
692,"[SSK,[KK,concatenate,note],PM(""note_note->note"")]",-5.545177444479562,note_note_count->note
693,"[SSC,[BBK,concatenate,PM(""note_note->note"")],PM(""note_note->note"")]",-6.238324625039507,note_note_count->note
694,"[SSC,[BKB,concatenate,PM(""note_count->note"")],PM(""note_note->note"")]",-6.238324625039507,note_note_count->note
695,"[SSC,[BKK,concatenate,PM(""note->note"")],PM(""note_note->note"")]",-6.238324625039507,note_note_count->note
696,"[SSC,[KBB,concatenate,PM(""note_count->note"")],PM(""note_note->note"")]",-6.238324625039507,note_note_count->note
697,"[SSC,[KBK,concatenate,PM(""note->note"")],PM(""note_note->note"")]",-6.238324625039507,note_note_count->note
698,"[SSC,[KKK,concatenate,note],PM(""note_note->note"")]",-6.238324625039507,note_note_count->note
699,"[KKK,[[ranges,note],count],count]",-4.1588830833596715,note_note_count->note
700,"[KKC,[K,[ranges,note],count],count]",-5.545177444479562,note_note_count->note
701,"[KKC,[C,[K,ranges,note],count],count]",-6.238324625039507,note_note_count->note
702,"[KCK,[K,[ranges,note],count],count]",-5.545177444479562,note_note_count->note
703,"[KCK,[C,[B,ranges,PM(""note->note"")],count],count]",-6.238324625039507,note_note_count->note
704,"[KCK,[C,[K,ranges,note],count],count]",-6.238324625039507,note_note_count->note
705,"[KCC,[KK,[ranges,note],count],count]",-6.931471805599452,note_note_count->note
706,"[KCC,[KC,[K,ranges,note],count],count]",-7.624618986159398,note_note_count->note
707,"[KCC,[CK,[B,ranges,PM(""note->note"")],count],count]",-7.624618986159398,note_note_count->note
708,"[KCC,[CK,[K,ranges,note],count],count]",-7.624618986159398,note_note_count->note
709,"[KCC,[CC,[BB,ranges,PM(""note_count->note"")],count],count]",-8.317766166719343,note_note_count->note
710,"[KCC,[CC,[BK,ranges,PM(""note->note"")],count],count]",-8.317766166719343,note_note_count->note
711,"[KCC,[CC,[KK,ranges,note],count],count]",-8.317766166719343,note_note_count->note
712,"[CKK,[K,[ranges,note],count],count]",-5.545177444479562,note_note_count->note
713,"[CKK,[C,[B,ranges,PM(""note->note"")],count],count]",-6.238324625039507,note_note_count->note
714,"[CKK,[C,[K,ranges,note],count],count]",-6.238324625039507,note_note_count->note
715,"[CKC,[KK,[ranges,note],count],count]",-6.931471805599452,note_note_count->note
716,"[CKC,[KC,[K,ranges,note],count],count]",-7.624618986159398,note_note_count->note
717,"[CKC,[CK,[B,ranges,PM(""note->note"")],count],count]",-7.624618986159398,note_note_count->note
718,"[CKC,[CK,[K,ranges,note],count],count]",-7.624618986159398,note_note_count->note
719,"[CKC,[CC,[BB,ranges,PM(""note_count->note"")],count],count]",-8.317766166719343,note_note_count->note
720,"[CKC,[CC,[BK,ranges,PM(""note->note"")],count],count]",-8.317766166719343,note_note_count->note
721,"[CKC,[CC,[KK,ranges,note],count],count]",-8.317766166719343,note_note_count->note
722,"[CCK,[KK,[ranges,note],count],count]",-6.931471805599452,note_note_count->note
723,"[CCK,[KC,[B,ranges,PM(""note->note"")],count],count]",-7.624618986159398,note_note_count->note
724,"[CCK,[KC,[K,ranges,note],count],count]",-7.624618986159398,note_note_count->note
725,"[CCK,[CK,[B,ranges,PM(""note->note"")],count],count]",-7.624618986159398,note_note_count->note
726,"[CCK,[CK,[K,ranges,note],count],count]",-7.624618986159398,note_note_count->note
727,"[CCK,[CC,[BB,ranges,PM(""note_note->note"")],count],count]",-8.317766166719343,note_note_count->note
728,"[CCK,[CC,[BK,ranges,PM(""note->note"")],count],count]",-8.317766166719343,note_note_count->note
729,"[CCK,[CC,[KB,ranges,PM(""note->note"")],count],count]",-8.317766166719343,note_note_count->note
730,"[CCK,[CC,[KK,ranges,note],count],count]",-8.317766166719343,note_note_count->note
731,"[CCC,[KKK,[ranges,note],count],count]",-8.317766166719343,note_note_count->note
732,"[CCC,[KKC,[K,ranges,note],count],count]",-9.010913347279288,note_note_count->note
733,"[CCC,[KCK,[B,ranges,PM(""note->note"")],count],count]",-9.010913347279288,note_note_count->note
734,"[CCC,[KCK,[K,ranges,note],count],count]",-9.010913347279288,note_note_count->note
735,"[CCC,[KCC,[BB,ranges,PM(""note_count->note"")],count],count]",-9.704060527839234,note_note_count->note
736,"[CCC,[KCC,[BK,ranges,PM(""note->note"")],count],count]",-9.704060527839234,note_note_count->note
737,"[CCC,[KCC,[KK,ranges,note],count],count]",-9.704060527839234,note_note_count->note
738,"[CCC,[CKK,[B,ranges,PM(""note->note"")],count],count]",-9.010913347279288,note_note_count->note
739,"[CCC,[CKK,[K,ranges,note],count],count]",-9.010913347279288,note_note_count->note
740,"[CCC,[CKC,[BB,ranges,PM(""note_count->note"")],count],count]",-9.704060527839234,note_note_count->note
741,"[CCC,[CKC,[BK,ranges,PM(""note->note"")],count],count]",-9.704060527839234,note_note_count->note
742,"[CCC,[CKC,[KK,ranges,note],count],count]",-9.704060527839234,note_note_count->note
743,"[CCC,[CCK,[BB,ranges,PM(""note_note->note"")],count],count]",-9.704060527839234,note_note_count->note
744,"[CCC,[CCK,[BK,ranges,PM(""note->note"")],count],count]",-9.704060527839234,note_note_count->note
745,"[CCC,[CCK,[KB,ranges,PM(""note->note"")],count],count]",-9.704060527839234,note_note_count->note
746,"[CCC,[CCK,[KK,ranges,note],count],count]",-9.704060527839234,note_note_count->note
747,"[CCC,[CCC,[BBK,ranges,PM(""note_note->note"")],count],count]",-10.39720770839918,note_note_count->note
748,"[CCC,[CCC,[BKB,ranges,PM(""note_count->note"")],count],count]",-10.39720770839918,note_note_count->note
749,"[CCC,[CCC,[BKK,ranges,PM(""note->note"")],count],count]",-10.39720770839918,note_note_count->note
750,"[CCC,[CCC,[KBB,ranges,PM(""note_count->note"")],count],count]",-10.39720770839918,note_note_count->note
751,"[CCC,[CCC,[KBK,ranges,PM(""note->note"")],count],count]",-10.39720770839918,note_note_count->note
752,"[CCC,[CCC,[KKK,ranges,note],count],count]",-10.39720770839918,note_note_count->note
753,"[KKK,[up,note],count]",-4.1588830833596715,note_count_note->note
754,"[KKC,[B,up,PM(""note->note"")],count]",-4.852030263919617,note_count_note->note
755,"[KKC,[K,up,note],count]",-4.852030263919617,note_count_note->note
756,"[KCK,[K,up,note],count]",-4.852030263919617,note_count_note->note
757,"[KCC,[KB,up,PM(""note->note"")],count]",-5.545177444479562,note_count_note->note
758,"[KCC,[KK,up,note],count]",-5.545177444479562,note_count_note->note
759,"[CKK,[B,up,PM(""note->note"")],count]",-4.852030263919617,note_count_note->note
760,"[CKK,[K,up,note],count]",-4.852030263919617,note_count_note->note
761,"[CKC,[BB,up,PM(""note_note->note"")],count]",-5.545177444479562,note_count_note->note
762,"[CKC,[BK,up,PM(""note->note"")],count]",-5.545177444479562,note_count_note->note
763,"[CKC,[KB,up,PM(""note->note"")],count]",-5.545177444479562,note_count_note->note
764,"[CKC,[KK,up,note],count]",-5.545177444479562,note_count_note->note
765,"[CCK,[BB,up,PM(""note_count->note"")],count]",-5.545177444479562,note_count_note->note
766,"[CCK,[BK,up,PM(""note->note"")],count]",-5.545177444479562,note_count_note->note
767,"[CCK,[KK,up,note],count]",-5.545177444479562,note_count_note->note
768,"[CCC,[BBK,up,PM(""note_count->note"")],count]",-6.238324625039507,note_count_note->note
769,"[CCC,[BKB,up,PM(""note_note->note"")],count]",-6.238324625039507,note_count_note->note
770,"[CCC,[BKK,up,PM(""note->note"")],count]",-6.238324625039507,note_count_note->note
771,"[CCC,[KKB,up,PM(""note->note"")],count]",-6.238324625039507,note_count_note->note
772,"[CCC,[KKK,up,note],count]",-6.238324625039507,note_count_note->note
773,"[KKK,[down,note],count]",-4.1588830833596715,note_count_note->note
774,"[KKC,[B,down,PM(""note->note"")],count]",-4.852030263919617,note_count_note->note
775,"[KKC,[K,down,note],count]",-4.852030263919617,note_count_note->note
776,"[KCK,[K,down,note],count]",-4.852030263919617,note_count_note->note
777,"[KCC,[KB,down,PM(""note->note"")],count]",-5.545177444479562,note_count_note->note
778,"[KCC,[KK,down,note],count]",-5.545177444479562,note_count_note->note
779,"[CKK,[B,down,PM(""note->note"")],count]",-4.852030263919617,note_count_note->note
780,"[CKK,[K,down,note],count]",-4.852030263919617,note_count_note->note
781,"[CKC,[BB,down,PM(""note_note->note"")],count]",-5.545177444479562,note_count_note->note
782,"[CKC,[BK,down,PM(""note->note"")],count]",-5.545177444479562,note_count_note->note
783,"[CKC,[KB,down,PM(""note->note"")],count]",-5.545177444479562,note_count_note->note
784,"[CKC,[KK,down,note],count]",-5.545177444479562,note_count_note->note
785,"[CCK,[BB,down,PM(""note_count->note"")],count]",-5.545177444479562,note_count_note->note
786,"[CCK,[BK,down,PM(""note->note"")],count]",-5.545177444479562,note_count_note->note
787,"[CCK,[KK,down,note],count]",-5.545177444479562,note_count_note->note
788,"[CCC,[BBK,down,PM(""note_count->note"")],count]",-6.238324625039507,note_count_note->note
789,"[CCC,[BKB,down,PM(""note_note->note"")],count]",-6.238324625039507,note_count_note->note
790,"[CCC,[BKK,down,PM(""note->note"")],count]",-6.238324625039507,note_count_note->note
791,"[CCC,[KKB,down,PM(""note->note"")],count]",-6.238324625039507,note_count_note->note
792,"[CCC,[KKK,down,note],count]",-6.238324625039507,note_count_note->note
793,"[BBK,reverse,PM(""note_count->note"")]",-2.0794415416798357,note_count_note->note
794,"[BKB,reverse,PM(""note_note->note"")]",-2.0794415416798357,note_count_note->note
795,"[BKK,reverse,PM(""note->note"")]",-2.0794415416798357,note_count_note->note
796,"[KKB,reverse,PM(""note->note"")]",-2.0794415416798357,note_count_note->note
797,"[KKK,reverse,note]",-2.0794415416798357,note_count_note->note
798,"[KKK,[repeat,note],count]",-4.1588830833596715,note_count_note->note
799,"[KKC,[B,repeat,PM(""note->note"")],count]",-4.852030263919617,note_count_note->note
800,"[KKC,[K,repeat,note],count]",-4.852030263919617,note_count_note->note
801,"[KCK,[K,repeat,note],count]",-4.852030263919617,note_count_note->note
802,"[KCC,[KB,repeat,PM(""note->note"")],count]",-5.545177444479562,note_count_note->note
803,"[KCC,[KK,repeat,note],count]",-5.545177444479562,note_count_note->note
804,"[CKK,[B,repeat,PM(""note->note"")],count]",-4.852030263919617,note_count_note->note
805,"[CKK,[K,repeat,note],count]",-4.852030263919617,note_count_note->note
806,"[CKC,[BB,repeat,PM(""note_note->note"")],count]",-5.545177444479562,note_count_note->note
807,"[CKC,[BK,repeat,PM(""note->note"")],count]",-5.545177444479562,note_count_note->note
808,"[CKC,[KB,repeat,PM(""note->note"")],count]",-5.545177444479562,note_count_note->note
809,"[CKC,[KK,repeat,note],count]",-5.545177444479562,note_count_note->note
810,"[CCK,[BB,repeat,PM(""note_count->note"")],count]",-5.545177444479562,note_count_note->note
811,"[CCK,[BK,repeat,PM(""note->note"")],count]",-5.545177444479562,note_count_note->note
812,"[CCK,[KK,repeat,note],count]",-5.545177444479562,note_count_note->note
813,"[CCC,[BBK,repeat,PM(""note_count->note"")],count]",-6.238324625039507,note_count_note->note
814,"[CCC,[BKB,repeat,PM(""note_note->note"")],count]",-6.238324625039507,note_count_note->note
815,"[CCC,[BKK,repeat,PM(""note->note"")],count]",-6.238324625039507,note_count_note->note
816,"[CCC,[KKB,repeat,PM(""note->note"")],count]",-6.238324625039507,note_count_note->note
817,"[CCC,[KKK,repeat,note],count]",-6.238324625039507,note_count_note->note
818,"[BBK,[concatenate,note],PM(""note_count->note"")]",-4.1588830833596715,note_count_note->note
819,"[BBC,[B,concatenate,PM(""note->note"")],PM(""note_count->note"")]",-4.852030263919617,note_count_note->note
820,"[BBC,[K,concatenate,note],PM(""note_count->note"")]",-4.852030263919617,note_count_note->note
821,"[BKB,[concatenate,note],PM(""note_note->note"")]",-4.1588830833596715,note_count_note->note
822,"[BKK,[concatenate,note],PM(""note->note"")]",-4.1588830833596715,note_count_note->note
823,"[BKC,[B,concatenate,PM(""note->note"")],PM(""note->note"")]",-4.852030263919617,note_count_note->note
824,"[BKC,[K,concatenate,note],PM(""note->note"")]",-4.852030263919617,note_count_note->note
825,"[BKS,[B,concatenate,PM(""note->note"")],PM(""note_note->note"")]",-4.852030263919617,note_count_note->note
826,"[BKS,[K,concatenate,note],PM(""note_note->note"")]",-4.852030263919617,note_count_note->note
827,"[BCB,[K,concatenate,note],PM(""note_note->note"")]",-4.852030263919617,note_count_note->note
828,"[BCK,[K,concatenate,note],PM(""note->note"")]",-4.852030263919617,note_count_note->note
829,"[BCC,[KB,concatenate,PM(""note->note"")],PM(""note->note"")]",-5.545177444479562,note_count_note->note
830,"[BCC,[KK,concatenate,note],PM(""note->note"")]",-5.545177444479562,note_count_note->note
831,"[BCS,[KB,concatenate,PM(""note->note"")],PM(""note_note->note"")]",-5.545177444479562,note_count_note->note
832,"[BCS,[KK,concatenate,note],PM(""note_note->note"")]",-5.545177444479562,note_count_note->note
833,"[BSK,[K,concatenate,note],PM(""note_count->note"")]",-4.852030263919617,note_count_note->note
834,"[BSC,[KB,concatenate,PM(""note->note"")],PM(""note_count->note"")]",-5.545177444479562,note_count_note->note
835,"[BSC,[KK,concatenate,note],PM(""note_count->note"")]",-5.545177444479562,note_count_note->note
836,"[KKB,[concatenate,note],PM(""note->note"")]",-4.1588830833596715,note_count_note->note
837,"[KKK,[concatenate,note],note]",-4.1588830833596715,note_count_note->note
838,"[KKC,[B,concatenate,PM(""note->note"")],note]",-4.852030263919617,note_count_note->note
839,"[KKC,[K,concatenate,note],note]",-4.852030263919617,note_count_note->note
840,"[KKS,[B,concatenate,PM(""note->note"")],PM(""note->note"")]",-4.852030263919617,note_count_note->note
841,"[KKS,[K,concatenate,note],PM(""note->note"")]",-4.852030263919617,note_count_note->note
842,"[KCB,[K,concatenate,note],PM(""note->note"")]",-4.852030263919617,note_count_note->note
843,"[KCK,[K,concatenate,note],note]",-4.852030263919617,note_count_note->note
844,"[KCC,[KB,concatenate,PM(""note->note"")],note]",-5.545177444479562,note_count_note->note
845,"[KCC,[KK,concatenate,note],note]",-5.545177444479562,note_count_note->note
846,"[KCS,[KB,concatenate,PM(""note->note"")],PM(""note->note"")]",-5.545177444479562,note_count_note->note
847,"[KCS,[KK,concatenate,note],PM(""note->note"")]",-5.545177444479562,note_count_note->note
848,"[CKB,[B,concatenate,PM(""note->note"")],PM(""note->note"")]",-4.852030263919617,note_count_note->note
849,"[CKB,[K,concatenate,note],PM(""note->note"")]",-4.852030263919617,note_count_note->note
850,"[CKK,[B,concatenate,PM(""note->note"")],note]",-4.852030263919617,note_count_note->note
851,"[CKK,[K,concatenate,note],note]",-4.852030263919617,note_count_note->note
852,"[CKC,[BB,concatenate,PM(""note_note->note"")],note]",-5.545177444479562,note_count_note->note
853,"[CKC,[BK,concatenate,PM(""note->note"")],note]",-5.545177444479562,note_count_note->note
854,"[CKC,[KB,concatenate,PM(""note->note"")],note]",-5.545177444479562,note_count_note->note
855,"[CKC,[KK,concatenate,note],note]",-5.545177444479562,note_count_note->note
856,"[CKS,[BB,concatenate,PM(""note_note->note"")],PM(""note->note"")]",-5.545177444479562,note_count_note->note
857,"[CKS,[BK,concatenate,PM(""note->note"")],PM(""note->note"")]",-5.545177444479562,note_count_note->note
858,"[CKS,[KB,concatenate,PM(""note->note"")],PM(""note->note"")]",-5.545177444479562,note_count_note->note
859,"[CKS,[KK,concatenate,note],PM(""note->note"")]",-5.545177444479562,note_count_note->note
860,"[CCB,[BB,concatenate,PM(""note_count->note"")],PM(""note->note"")]",-5.545177444479562,note_count_note->note
861,"[CCB,[BK,concatenate,PM(""note->note"")],PM(""note->note"")]",-5.545177444479562,note_count_note->note
862,"[CCB,[KK,concatenate,note],PM(""note->note"")]",-5.545177444479562,note_count_note->note
863,"[CCK,[BB,concatenate,PM(""note_count->note"")],note]",-5.545177444479562,note_count_note->note
864,"[CCK,[BK,concatenate,PM(""note->note"")],note]",-5.545177444479562,note_count_note->note
865,"[CCK,[KK,concatenate,note],note]",-5.545177444479562,note_count_note->note
866,"[CCC,[BBK,concatenate,PM(""note_count->note"")],note]",-6.238324625039507,note_count_note->note
867,"[CCC,[BKB,concatenate,PM(""note_note->note"")],note]",-6.238324625039507,note_count_note->note
868,"[CCC,[BKK,concatenate,PM(""note->note"")],note]",-6.238324625039507,note_count_note->note
869,"[CCC,[KKB,concatenate,PM(""note->note"")],note]",-6.238324625039507,note_count_note->note
870,"[CCC,[KKK,concatenate,note],note]",-6.238324625039507,note_count_note->note
871,"[CCS,[BBK,concatenate,PM(""note_count->note"")],PM(""note->note"")]",-6.238324625039507,note_count_note->note
872,"[CCS,[BKB,concatenate,PM(""note_note->note"")],PM(""note->note"")]",-6.238324625039507,note_count_note->note
873,"[CCS,[BKK,concatenate,PM(""note->note"")],PM(""note->note"")]",-6.238324625039507,note_count_note->note
874,"[CCS,[KKB,concatenate,PM(""note->note"")],PM(""note->note"")]",-6.238324625039507,note_count_note->note
875,"[CCS,[KKK,concatenate,note],PM(""note->note"")]",-6.238324625039507,note_count_note->note
876,"[SBK,[B,concatenate,PM(""note->note"")],PM(""note_count->note"")]",-4.852030263919617,note_count_note->note
877,"[SBK,[K,concatenate,note],PM(""note_count->note"")]",-4.852030263919617,note_count_note->note
878,"[SBC,[BB,concatenate,PM(""note_note->note"")],PM(""note_count->note"")]",-5.545177444479562,note_count_note->note
879,"[SBC,[BK,concatenate,PM(""note->note"")],PM(""note_count->note"")]",-5.545177444479562,note_count_note->note
880,"[SBC,[KB,concatenate,PM(""note->note"")],PM(""note_count->note"")]",-5.545177444479562,note_count_note->note
881,"[SBC,[KK,concatenate,note],PM(""note_count->note"")]",-5.545177444479562,note_count_note->note
882,"[SKB,[B,concatenate,PM(""note->note"")],PM(""note_note->note"")]",-4.852030263919617,note_count_note->note
883,"[SKB,[K,concatenate,note],PM(""note_note->note"")]",-4.852030263919617,note_count_note->note
884,"[SKK,[B,concatenate,PM(""note->note"")],PM(""note->note"")]",-4.852030263919617,note_count_note->note
885,"[SKK,[K,concatenate,note],PM(""note->note"")]",-4.852030263919617,note_count_note->note
886,"[SKC,[BB,concatenate,PM(""note_note->note"")],PM(""note->note"")]",-5.545177444479562,note_count_note->note
887,"[SKC,[BK,concatenate,PM(""note->note"")],PM(""note->note"")]",-5.545177444479562,note_count_note->note
888,"[SKC,[KB,concatenate,PM(""note->note"")],PM(""note->note"")]",-5.545177444479562,note_count_note->note
889,"[SKC,[KK,concatenate,note],PM(""note->note"")]",-5.545177444479562,note_count_note->note
890,"[SKS,[BB,concatenate,PM(""note_note->note"")],PM(""note_note->note"")]",-5.545177444479562,note_count_note->note
891,"[SKS,[BK,concatenate,PM(""note->note"")],PM(""note_note->note"")]",-5.545177444479562,note_count_note->note
892,"[SKS,[KB,concatenate,PM(""note->note"")],PM(""note_note->note"")]",-5.545177444479562,note_count_note->note
893,"[SKS,[KK,concatenate,note],PM(""note_note->note"")]",-5.545177444479562,note_count_note->note
894,"[SCB,[BB,concatenate,PM(""note_count->note"")],PM(""note_note->note"")]",-5.545177444479562,note_count_note->note
895,"[SCB,[BK,concatenate,PM(""note->note"")],PM(""note_note->note"")]",-5.545177444479562,note_count_note->note
896,"[SCB,[KK,concatenate,note],PM(""note_note->note"")]",-5.545177444479562,note_count_note->note
897,"[SCK,[BB,concatenate,PM(""note_count->note"")],PM(""note->note"")]",-5.545177444479562,note_count_note->note
898,"[SCK,[BK,concatenate,PM(""note->note"")],PM(""note->note"")]",-5.545177444479562,note_count_note->note
899,"[SCK,[KK,concatenate,note],PM(""note->note"")]",-5.545177444479562,note_count_note->note
900,"[SCC,[BBK,concatenate,PM(""note_count->note"")],PM(""note->note"")]",-6.238324625039507,note_count_note->note
901,"[SCC,[BKB,concatenate,PM(""note_note->note"")],PM(""note->note"")]",-6.238324625039507,note_count_note->note
902,"[SCC,[BKK,concatenate,PM(""note->note"")],PM(""note->note"")]",-6.238324625039507,note_count_note->note
903,"[SCC,[KKB,concatenate,PM(""note->note"")],PM(""note->note"")]",-6.238324625039507,note_count_note->note
904,"[SCC,[KKK,concatenate,note],PM(""note->note"")]",-6.238324625039507,note_count_note->note
905,"[SCS,[BBK,concatenate,PM(""note_count->note"")],PM(""note_note->note"")]",-6.238324625039507,note_count_note->note
906,"[SCS,[BKB,concatenate,PM(""note_note->note"")],PM(""note_note->note"")]",-6.238324625039507,note_count_note->note
907,"[SCS,[BKK,concatenate,PM(""note->note"")],PM(""note_note->note"")]",-6.238324625039507,note_count_note->note
908,"[SCS,[KKB,concatenate,PM(""note->note"")],PM(""note_note->note"")]",-6.238324625039507,note_count_note->note
909,"[SCS,[KKK,concatenate,note],PM(""note_note->note"")]",-6.238324625039507,note_count_note->note
910,"[SSK,[BB,concatenate,PM(""note_count->note"")],PM(""note_count->note"")]",-5.545177444479562,note_count_note->note
911,"[SSK,[BK,concatenate,PM(""note->note"")],PM(""note_count->note"")]",-5.545177444479562,note_count_note->note
912,"[SSK,[KK,concatenate,note],PM(""note_count->note"")]",-5.545177444479562,note_count_note->note
913,"[SSC,[BBK,concatenate,PM(""note_count->note"")],PM(""note_count->note"")]",-6.238324625039507,note_count_note->note
914,"[SSC,[BKB,concatenate,PM(""note_note->note"")],PM(""note_count->note"")]",-6.238324625039507,note_count_note->note
915,"[SSC,[BKK,concatenate,PM(""note->note"")],PM(""note_count->note"")]",-6.238324625039507,note_count_note->note
916,"[SSC,[KKB,concatenate,PM(""note->note"")],PM(""note_count->note"")]",-6.238324625039507,note_count_note->note
917,"[SSC,[KKK,concatenate,note],PM(""note_count->note"")]",-6.238324625039507,note_count_note->note
918,"[KKK,[[ranges,note],count],count]",-4.1588830833596715,note_count_note->note
919,"[KKC,[K,[ranges,note],count],count]",-5.545177444479562,note_count_note->note
920,"[KKC,[C,[B,ranges,PM(""note->note"")],count],count]",-6.238324625039507,note_count_note->note
921,"[KKC,[C,[K,ranges,note],count],count]",-6.238324625039507,note_count_note->note
922,"[KCK,[K,[ranges,note],count],count]",-5.545177444479562,note_count_note->note
923,"[KCK,[C,[K,ranges,note],count],count]",-6.238324625039507,note_count_note->note
924,"[KCC,[KK,[ranges,note],count],count]",-6.931471805599452,note_count_note->note
925,"[KCC,[KC,[B,ranges,PM(""note->note"")],count],count]",-7.624618986159398,note_count_note->note
926,"[KCC,[KC,[K,ranges,note],count],count]",-7.624618986159398,note_count_note->note
927,"[KCC,[CK,[K,ranges,note],count],count]",-7.624618986159398,note_count_note->note
928,"[KCC,[CC,[KB,ranges,PM(""note->note"")],count],count]",-8.317766166719343,note_count_note->note
929,"[KCC,[CC,[KK,ranges,note],count],count]",-8.317766166719343,note_count_note->note
930,"[CKK,[K,[ranges,note],count],count]",-5.545177444479562,note_count_note->note
931,"[CKK,[C,[B,ranges,PM(""note->note"")],count],count]",-6.238324625039507,note_count_note->note
932,"[CKK,[C,[K,ranges,note],count],count]",-6.238324625039507,note_count_note->note
933,"[CKC,[KK,[ranges,note],count],count]",-6.931471805599452,note_count_note->note
934,"[CKC,[KC,[B,ranges,PM(""note->note"")],count],count]",-7.624618986159398,note_count_note->note
935,"[CKC,[KC,[K,ranges,note],count],count]",-7.624618986159398,note_count_note->note
936,"[CKC,[CK,[B,ranges,PM(""note->note"")],count],count]",-7.624618986159398,note_count_note->note
937,"[CKC,[CK,[K,ranges,note],count],count]",-7.624618986159398,note_count_note->note
938,"[CKC,[CC,[BB,ranges,PM(""note_note->note"")],count],count]",-8.317766166719343,note_count_note->note
939,"[CKC,[CC,[BK,ranges,PM(""note->note"")],count],count]",-8.317766166719343,note_count_note->note
940,"[CKC,[CC,[KB,ranges,PM(""note->note"")],count],count]",-8.317766166719343,note_count_note->note
941,"[CKC,[CC,[KK,ranges,note],count],count]",-8.317766166719343,note_count_note->note
942,"[CCK,[KK,[ranges,note],count],count]",-6.931471805599452,note_count_note->note
943,"[CCK,[KC,[K,ranges,note],count],count]",-7.624618986159398,note_count_note->note
944,"[CCK,[CK,[B,ranges,PM(""note->note"")],count],count]",-7.624618986159398,note_count_note->note
945,"[CCK,[CK,[K,ranges,note],count],count]",-7.624618986159398,note_count_note->note
946,"[CCK,[CC,[BB,ranges,PM(""note_count->note"")],count],count]",-8.317766166719343,note_count_note->note
947,"[CCK,[CC,[BK,ranges,PM(""note->note"")],count],count]",-8.317766166719343,note_count_note->note
948,"[CCK,[CC,[KK,ranges,note],count],count]",-8.317766166719343,note_count_note->note
949,"[CCC,[KKK,[ranges,note],count],count]",-8.317766166719343,note_count_note->note
950,"[CCC,[KKC,[B,ranges,PM(""note->note"")],count],count]",-9.010913347279288,note_count_note->note
951,"[CCC,[KKC,[K,ranges,note],count],count]",-9.010913347279288,note_count_note->note
952,"[CCC,[KCK,[K,ranges,note],count],count]",-9.010913347279288,note_count_note->note
953,"[CCC,[KCC,[KB,ranges,PM(""note->note"")],count],count]",-9.704060527839234,note_count_note->note
954,"[CCC,[KCC,[KK,ranges,note],count],count]",-9.704060527839234,note_count_note->note
955,"[CCC,[CKK,[B,ranges,PM(""note->note"")],count],count]",-9.010913347279288,note_count_note->note
956,"[CCC,[CKK,[K,ranges,note],count],count]",-9.010913347279288,note_count_note->note
957,"[CCC,[CKC,[BB,ranges,PM(""note_note->note"")],count],count]",-9.704060527839234,note_count_note->note
958,"[CCC,[CKC,[BK,ranges,PM(""note->note"")],count],count]",-9.704060527839234,note_count_note->note
959,"[CCC,[CKC,[KB,ranges,PM(""note->note"")],count],count]",-9.704060527839234,note_count_note->note
960,"[CCC,[CKC,[KK,ranges,note],count],count]",-9.704060527839234,note_count_note->note
961,"[CCC,[CCK,[BB,ranges,PM(""note_count->note"")],count],count]",-9.704060527839234,note_count_note->note
962,"[CCC,[CCK,[BK,ranges,PM(""note->note"")],count],count]",-9.704060527839234,note_count_note->note
963,"[CCC,[CCK,[KK,ranges,note],count],count]",-9.704060527839234,note_count_note->note
964,"[CCC,[CCC,[BBK,ranges,PM(""note_count->note"")],count],count]",-10.39720770839918,note_count_note->note
965,"[CCC,[CCC,[BKB,ranges,PM(""note_note->note"")],count],count]",-10.39720770839918,note_count_note->note
966,"[CCC,[CCC,[BKK,ranges,PM(""note->note"")],count],count]",-10.39720770839918,note_count_note->note
967,"[CCC,[CCC,[KKB,ranges,PM(""note->note"")],count],count]",-10.39720770839918,note_count_note->note
968,"[CCC,[CCC,[KKK,ranges,note],count],count]",-10.39720770839918,note_count_note->note
969,"PM(""note_count_count->note"")",0.0,note_count_count->note
970,"[KKK,[up,note],count]",-4.1588830833596715,note_count_count->note
971,"[KKC,[K,up,note],count]",-4.852030263919617,note_count_count->note
972,"[KCK,[K,up,note],count]",-4.852030263919617,note_count_count->note
973,"[KCC,[KK,up,note],count]",-5.545177444479562,note_count_count->note
974,"[CKK,[B,up,PM(""note->note"")],count]",-4.852030263919617,note_count_count->note
975,"[CKK,[K,up,note],count]",-4.852030263919617,note_count_count->note
976,"[CKC,[BB,up,PM(""note_count->note"")],count]",-5.545177444479562,note_count_count->note
977,"[CKC,[BK,up,PM(""note->note"")],count]",-5.545177444479562,note_count_count->note
978,"[CKC,[KK,up,note],count]",-5.545177444479562,note_count_count->note
979,"[CCK,[BB,up,PM(""note_count->note"")],count]",-5.545177444479562,note_count_count->note
980,"[CCK,[BK,up,PM(""note->note"")],count]",-5.545177444479562,note_count_count->note
981,"[CCK,[KK,up,note],count]",-5.545177444479562,note_count_count->note
982,"[CCC,[BBB,up,PM(""note_count_count->note"")],count]",-6.238324625039507,note_count_count->note
983,"[CCC,[BBK,up,PM(""note_count->note"")],count]",-6.238324625039507,note_count_count->note
984,"[CCC,[BKB,up,PM(""note_count->note"")],count]",-6.238324625039507,note_count_count->note
985,"[CCC,[BKK,up,PM(""note->note"")],count]",-6.238324625039507,note_count_count->note
986,"[CCC,[KKK,up,note],count]",-6.238324625039507,note_count_count->note
987,"[KKK,[down,note],count]",-4.1588830833596715,note_count_count->note
988,"[KKC,[K,down,note],count]",-4.852030263919617,note_count_count->note
989,"[KCK,[K,down,note],count]",-4.852030263919617,note_count_count->note
990,"[KCC,[KK,down,note],count]",-5.545177444479562,note_count_count->note
991,"[CKK,[B,down,PM(""note->note"")],count]",-4.852030263919617,note_count_count->note
992,"[CKK,[K,down,note],count]",-4.852030263919617,note_count_count->note
993,"[CKC,[BB,down,PM(""note_count->note"")],count]",-5.545177444479562,note_count_count->note
994,"[CKC,[BK,down,PM(""note->note"")],count]",-5.545177444479562,note_count_count->note
995,"[CKC,[KK,down,note],count]",-5.545177444479562,note_count_count->note
996,"[CCK,[BB,down,PM(""note_count->note"")],count]",-5.545177444479562,note_count_count->note
997,"[CCK,[BK,down,PM(""note->note"")],count]",-5.545177444479562,note_count_count->note
998,"[CCK,[KK,down,note],count]",-5.545177444479562,note_count_count->note
999,"[CCC,[BBB,down,PM(""note_count_count->note"")],count]",-6.238324625039507,note_count_count->note
1000,"[CCC,[BBK,down,PM(""note_count->note"")],count]",-6.238324625039507,note_count_count->note
1001,"[CCC,[BKB,down,PM(""note_count->note"")],count]",-6.238324625039507,note_count_count->note
1002,"[CCC,[BKK,down,PM(""note->note"")],count]",-6.238324625039507,note_count_count->note
1003,"[CCC,[KKK,down,note],count]",-6.238324625039507,note_count_count->note
1004,"[BBB,reverse,PM(""note_count_count->note"")]",-2.0794415416798357,note_count_count->note
1005,"[BBK,reverse,PM(""note_count->note"")]",-2.0794415416798357,note_count_count->note
1006,"[BKB,reverse,PM(""note_count->note"")]",-2.0794415416798357,note_count_count->note
1007,"[BKK,reverse,PM(""note->note"")]",-2.0794415416798357,note_count_count->note
1008,"[KKK,reverse,note]",-2.0794415416798357,note_count_count->note
1009,"[KKK,[repeat,note],count]",-4.1588830833596715,note_count_count->note
1010,"[KKC,[K,repeat,note],count]",-4.852030263919617,note_count_count->note
1011,"[KCK,[K,repeat,note],count]",-4.852030263919617,note_count_count->note
1012,"[KCC,[KK,repeat,note],count]",-5.545177444479562,note_count_count->note
1013,"[CKK,[B,repeat,PM(""note->note"")],count]",-4.852030263919617,note_count_count->note
1014,"[CKK,[K,repeat,note],count]",-4.852030263919617,note_count_count->note
1015,"[CKC,[BB,repeat,PM(""note_count->note"")],count]",-5.545177444479562,note_count_count->note
1016,"[CKC,[BK,repeat,PM(""note->note"")],count]",-5.545177444479562,note_count_count->note
1017,"[CKC,[KK,repeat,note],count]",-5.545177444479562,note_count_count->note
1018,"[CCK,[BB,repeat,PM(""note_count->note"")],count]",-5.545177444479562,note_count_count->note
1019,"[CCK,[BK,repeat,PM(""note->note"")],count]",-5.545177444479562,note_count_count->note
1020,"[CCK,[KK,repeat,note],count]",-5.545177444479562,note_count_count->note
1021,"[CCC,[BBB,repeat,PM(""note_count_count->note"")],count]",-6.238324625039507,note_count_count->note
1022,"[CCC,[BBK,repeat,PM(""note_count->note"")],count]",-6.238324625039507,note_count_count->note
1023,"[CCC,[BKB,repeat,PM(""note_count->note"")],count]",-6.238324625039507,note_count_count->note
1024,"[CCC,[BKK,repeat,PM(""note->note"")],count]",-6.238324625039507,note_count_count->note
1025,"[CCC,[KKK,repeat,note],count]",-6.238324625039507,note_count_count->note
1026,"[BBB,[concatenate,note],PM(""note_count_count->note"")]",-4.1588830833596715,note_count_count->note
1027,"[BBK,[concatenate,note],PM(""note_count->note"")]",-4.1588830833596715,note_count_count->note
1028,"[BBC,[K,concatenate,note],PM(""note_count->note"")]",-4.852030263919617,note_count_count->note
1029,"[BBS,[K,concatenate,note],PM(""note_count_count->note"")]",-4.852030263919617,note_count_count->note
1030,"[BKB,[concatenate,note],PM(""note_count->note"")]",-4.1588830833596715,note_count_count->note
1031,"[BKK,[concatenate,note],PM(""note->note"")]",-4.1588830833596715,note_count_count->note
1032,"[BKC,[K,concatenate,note],PM(""note->note"")]",-4.852030263919617,note_count_count->note
1033,"[BKS,[K,concatenate,note],PM(""note_count->note"")]",-4.852030263919617,note_count_count->note
1034,"[BCB,[K,concatenate,note],PM(""note_count->note"")]",-4.852030263919617,note_count_count->note
1035,"[BCK,[K,concatenate,note],PM(""note->note"")]",-4.852030263919617,note_count_count->note
1036,"[BCC,[KK,concatenate,note],PM(""note->note"")]",-5.545177444479562,note_count_count->note
1037,"[BCS,[KK,concatenate,note],PM(""note_count->note"")]",-5.545177444479562,note_count_count->note
1038,"[BSB,[K,concatenate,note],PM(""note_count_count->note"")]",-4.852030263919617,note_count_count->note
1039,"[BSK,[K,concatenate,note],PM(""note_count->note"")]",-4.852030263919617,note_count_count->note
1040,"[BSC,[KK,concatenate,note],PM(""note_count->note"")]",-5.545177444479562,note_count_count->note
1041,"[BSS,[KK,concatenate,note],PM(""note_count_count->note"")]",-5.545177444479562,note_count_count->note
1042,"[KKK,[concatenate,note],note]",-4.1588830833596715,note_count_count->note
1043,"[KKC,[K,concatenate,note],note]",-4.852030263919617,note_count_count->note
1044,"[KCK,[K,concatenate,note],note]",-4.852030263919617,note_count_count->note
1045,"[KCC,[KK,concatenate,note],note]",-5.545177444479562,note_count_count->note
1046,"[CKK,[B,concatenate,PM(""note->note"")],note]",-4.852030263919617,note_count_count->note
1047,"[CKK,[K,concatenate,note],note]",-4.852030263919617,note_count_count->note
1048,"[CKC,[BB,concatenate,PM(""note_count->note"")],note]",-5.545177444479562,note_count_count->note
1049,"[CKC,[BK,concatenate,PM(""note->note"")],note]",-5.545177444479562,note_count_count->note
1050,"[CKC,[KK,concatenate,note],note]",-5.545177444479562,note_count_count->note
1051,"[CCK,[BB,concatenate,PM(""note_count->note"")],note]",-5.545177444479562,note_count_count->note
1052,"[CCK,[BK,concatenate,PM(""note->note"")],note]",-5.545177444479562,note_count_count->note
1053,"[CCK,[KK,concatenate,note],note]",-5.545177444479562,note_count_count->note
1054,"[CCC,[BBB,concatenate,PM(""note_count_count->note"")],note]",-6.238324625039507,note_count_count->note
1055,"[CCC,[BBK,concatenate,PM(""note_count->note"")],note]",-6.238324625039507,note_count_count->note
1056,"[CCC,[BKB,concatenate,PM(""note_count->note"")],note]",-6.238324625039507,note_count_count->note
1057,"[CCC,[BKK,concatenate,PM(""note->note"")],note]",-6.238324625039507,note_count_count->note
1058,"[CCC,[KKK,concatenate,note],note]",-6.238324625039507,note_count_count->note
1059,"[SBB,[B,concatenate,PM(""note->note"")],PM(""note_count_count->note"")]",-4.852030263919617,note_count_count->note
1060,"[SBB,[K,concatenate,note],PM(""note_count_count->note"")]",-4.852030263919617,note_count_count->note
1061,"[SBK,[B,concatenate,PM(""note->note"")],PM(""note_count->note"")]",-4.852030263919617,note_count_count->note
1062,"[SBK,[K,concatenate,note],PM(""note_count->note"")]",-4.852030263919617,note_count_count->note
1063,"[SBC,[BB,concatenate,PM(""note_count->note"")],PM(""note_count->note"")]",-5.545177444479562,note_count_count->note
1064,"[SBC,[BK,concatenate,PM(""note->note"")],PM(""note_count->note"")]",-5.545177444479562,note_count_count->note
1065,"[SBC,[KK,concatenate,note],PM(""note_count->note"")]",-5.545177444479562,note_count_count->note
1066,"[SBS,[BB,concatenate,PM(""note_count->note"")],PM(""note_count_count->note"")]",-5.545177444479562,note_count_count->note
1067,"[SBS,[BK,concatenate,PM(""note->note"")],PM(""note_count_count->note"")]",-5.545177444479562,note_count_count->note
1068,"[SBS,[KK,concatenate,note],PM(""note_count_count->note"")]",-5.545177444479562,note_count_count->note
1069,"[SKB,[B,concatenate,PM(""note->note"")],PM(""note_count->note"")]",-4.852030263919617,note_count_count->note
1070,"[SKB,[K,concatenate,note],PM(""note_count->note"")]",-4.852030263919617,note_count_count->note
1071,"[SKK,[B,concatenate,PM(""note->note"")],PM(""note->note"")]",-4.852030263919617,note_count_count->note
1072,"[SKK,[K,concatenate,note],PM(""note->note"")]",-4.852030263919617,note_count_count->note
1073,"[SKC,[BB,concatenate,PM(""note_count->note"")],PM(""note->note"")]",-5.545177444479562,note_count_count->note
1074,"[SKC,[BK,concatenate,PM(""note->note"")],PM(""note->note"")]",-5.545177444479562,note_count_count->note
1075,"[SKC,[KK,concatenate,note],PM(""note->note"")]",-5.545177444479562,note_count_count->note
1076,"[SKS,[BB,concatenate,PM(""note_count->note"")],PM(""note_count->note"")]",-5.545177444479562,note_count_count->note
1077,"[SKS,[BK,concatenate,PM(""note->note"")],PM(""note_count->note"")]",-5.545177444479562,note_count_count->note
1078,"[SKS,[KK,concatenate,note],PM(""note_count->note"")]",-5.545177444479562,note_count_count->note
1079,"[SCB,[BB,concatenate,PM(""note_count->note"")],PM(""note_count->note"")]",-5.545177444479562,note_count_count->note
1080,"[SCB,[BK,concatenate,PM(""note->note"")],PM(""note_count->note"")]",-5.545177444479562,note_count_count->note
1081,"[SCB,[KK,concatenate,note],PM(""note_count->note"")]",-5.545177444479562,note_count_count->note
1082,"[SCK,[BB,concatenate,PM(""note_count->note"")],PM(""note->note"")]",-5.545177444479562,note_count_count->note
1083,"[SCK,[BK,concatenate,PM(""note->note"")],PM(""note->note"")]",-5.545177444479562,note_count_count->note
1084,"[SCK,[KK,concatenate,note],PM(""note->note"")]",-5.545177444479562,note_count_count->note
1085,"[SCC,[BBB,concatenate,PM(""note_count_count->note"")],PM(""note->note"")]",-6.238324625039507,note_count_count->note
1086,"[SCC,[BBK,concatenate,PM(""note_count->note"")],PM(""note->note"")]",-6.238324625039507,note_count_count->note
1087,"[SCC,[BKB,concatenate,PM(""note_count->note"")],PM(""note->note"")]",-6.238324625039507,note_count_count->note
1088,"[SCC,[BKK,concatenate,PM(""note->note"")],PM(""note->note"")]",-6.238324625039507,note_count_count->note
1089,"[SCC,[KKK,concatenate,note],PM(""note->note"")]",-6.238324625039507,note_count_count->note
1090,"[SCS,[BBB,concatenate,PM(""note_count_count->note"")],PM(""note_count->note"")]",-6.238324625039507,note_count_count->note
1091,"[SCS,[BBK,concatenate,PM(""note_count->note"")],PM(""note_count->note"")]",-6.238324625039507,note_count_count->note
1092,"[SCS,[BKB,concatenate,PM(""note_count->note"")],PM(""note_count->note"")]",-6.238324625039507,note_count_count->note
1093,"[SCS,[BKK,concatenate,PM(""note->note"")],PM(""note_count->note"")]",-6.238324625039507,note_count_count->note
1094,"[SCS,[KKK,concatenate,note],PM(""note_count->note"")]",-6.238324625039507,note_count_count->note
1095,"[SSB,[BB,concatenate,PM(""note_count->note"")],PM(""note_count_count->note"")]",-5.545177444479562,note_count_count->note
1096,"[SSB,[BK,concatenate,PM(""note->note"")],PM(""note_count_count->note"")]",-5.545177444479562,note_count_count->note
1097,"[SSB,[KK,concatenate,note],PM(""note_count_count->note"")]",-5.545177444479562,note_count_count->note
1098,"[SSK,[BB,concatenate,PM(""note_count->note"")],PM(""note_count->note"")]",-5.545177444479562,note_count_count->note
1099,"[SSK,[BK,concatenate,PM(""note->note"")],PM(""note_count->note"")]",-5.545177444479562,note_count_count->note
1100,"[SSK,[KK,concatenate,note],PM(""note_count->note"")]",-5.545177444479562,note_count_count->note
1101,"[SSC,[BBB,concatenate,PM(""note_count_count->note"")],PM(""note_count->note"")]",-6.238324625039507,note_count_count->note
1102,"[SSC,[BBK,concatenate,PM(""note_count->note"")],PM(""note_count->note"")]",-6.238324625039507,note_count_count->note
1103,"[SSC,[BKB,concatenate,PM(""note_count->note"")],PM(""note_count->note"")]",-6.238324625039507,note_count_count->note
1104,"[SSC,[BKK,concatenate,PM(""note->note"")],PM(""note_count->note"")]",-6.238324625039507,note_count_count->note
1105,"[SSC,[KKK,concatenate,note],PM(""note_count->note"")]",-6.238324625039507,note_count_count->note
1106,"[SSS,[BBB,concatenate,PM(""note_count_count->note"")],PM(""note_count_count->note"")]",-6.238324625039507,note_count_count->note
1107,"[SSS,[BBK,concatenate,PM(""note_count->note"")],PM(""note_count_count->note"")]",-6.238324625039507,note_count_count->note
1108,"[SSS,[BKB,concatenate,PM(""note_count->note"")],PM(""note_count_count->note"")]",-6.238324625039507,note_count_count->note
1109,"[SSS,[BKK,concatenate,PM(""note->note"")],PM(""note_count_count->note"")]",-6.238324625039507,note_count_count->note
1110,"[SSS,[KKK,concatenate,note],PM(""note_count_count->note"")]",-6.238324625039507,note_count_count->note
1111,"[KKK,[[ranges,note],count],count]",-4.1588830833596715,note_count_count->note
1112,"[KKC,[K,[ranges,note],count],count]",-5.545177444479562,note_count_count->note
1113,"[KKC,[C,[K,ranges,note],count],count]",-6.238324625039507,note_count_count->note
1114,"[KCK,[K,[ranges,note],count],count]",-5.545177444479562,note_count_count->note
1115,"[KCK,[C,[K,ranges,note],count],count]",-6.238324625039507,note_count_count->note
1116,"[KCC,[KK,[ranges,note],count],count]",-6.931471805599452,note_count_count->note
1117,"[KCC,[KC,[K,ranges,note],count],count]",-7.624618986159398,note_count_count->note
1118,"[KCC,[CK,[K,ranges,note],count],count]",-7.624618986159398,note_count_count->note
1119,"[KCC,[CC,[KK,ranges,note],count],count]",-8.317766166719343,note_count_count->note
1120,"[CKK,[K,[ranges,note],count],count]",-5.545177444479562,note_count_count->note
1121,"[CKK,[C,[B,ranges,PM(""note->note"")],count],count]",-6.238324625039507,note_count_count->note
1122,"[CKK,[C,[K,ranges,note],count],count]",-6.238324625039507,note_count_count->note
1123,"[CKC,[KK,[ranges,note],count],count]",-6.931471805599452,note_count_count->note
1124,"[CKC,[KC,[K,ranges,note],count],count]",-7.624618986159398,note_count_count->note
1125,"[CKC,[CK,[B,ranges,PM(""note->note"")],count],count]",-7.624618986159398,note_count_count->note
1126,"[CKC,[CK,[K,ranges,note],count],count]",-7.624618986159398,note_count_count->note
1127,"[CKC,[CC,[BB,ranges,PM(""note_count->note"")],count],count]",-8.317766166719343,note_count_count->note
1128,"[CKC,[CC,[BK,ranges,PM(""note->note"")],count],count]",-8.317766166719343,note_count_count->note
1129,"[CKC,[CC,[KK,ranges,note],count],count]",-8.317766166719343,note_count_count->note
1130,"[CCK,[KK,[ranges,note],count],count]",-6.931471805599452,note_count_count->note
1131,"[CCK,[KC,[K,ranges,note],count],count]",-7.624618986159398,note_count_count->note
1132,"[CCK,[CK,[B,ranges,PM(""note->note"")],count],count]",-7.624618986159398,note_count_count->note
1133,"[CCK,[CK,[K,ranges,note],count],count]",-7.624618986159398,note_count_count->note
1134,"[CCK,[CC,[BB,ranges,PM(""note_count->note"")],count],count]",-8.317766166719343,note_count_count->note
1135,"[CCK,[CC,[BK,ranges,PM(""note->note"")],count],count]",-8.317766166719343,note_count_count->note
1136,"[CCK,[CC,[KK,ranges,note],count],count]",-8.317766166719343,note_count_count->note
1137,"[CCC,[KKK,[ranges,note],count],count]",-8.317766166719343,note_count_count->note
1138,"[CCC,[KKC,[K,ranges,note],count],count]",-9.010913347279288,note_count_count->note
1139,"[CCC,[KCK,[K,ranges,note],count],count]",-9.010913347279288,note_count_count->note
1140,"[CCC,[KCC,[KK,ranges,note],count],count]",-9.704060527839234,note_count_count->note
1141,"[CCC,[CKK,[B,ranges,PM(""note->note"")],count],count]",-9.010913347279288,note_count_count->note
1142,"[CCC,[CKK,[K,ranges,note],count],count]",-9.010913347279288,note_count_count->note
1143,"[CCC,[CKC,[BB,ranges,PM(""note_count->note"")],count],count]",-9.704060527839234,note_count_count->note
1144,"[CCC,[CKC,[BK,ranges,PM(""note->note"")],count],count]",-9.704060527839234,note_count_count->note
1145,"[CCC,[CKC,[KK,ranges,note],count],count]",-9.704060527839234,note_count_count->note
1146,"[CCC,[CCK,[BB,ranges,PM(""note_count->note"")],count],count]",-9.704060527839234,note_count_count->note
1147,"[CCC,[CCK,[BK,ranges,PM(""note->note"")],count],count]",-9.704060527839234,note_count_count->note
1148,"[CCC,[CCK,[KK,ranges,note],count],count]",-9.704060527839234,note_count_count->note
1149,"[CCC,[CCC,[BBB,ranges,PM(""note_count_count->note"")],count],count]",-10.39720770839918,note_count_count->note
1150,"[CCC,[CCC,[BBK,ranges,PM(""note_count->note"")],count],count]",-10.39720770839918,note_count_count->note
1151,"[CCC,[CCC,[BKB,ranges,PM(""note_count->note"")],count],count]",-10.39720770839918,note_count_count->note
1152,"[CCC,[CCC,[BKK,ranges,PM(""note->note"")],count],count]",-10.39720770839918,note_count_count->note
1153,"[CCC,[CCC,[KKK,ranges,note],count],count]",-10.39720770839918,note_count_count->note
